booking_id,hotel_name,city,room_type,booking_date,checkin_date,checkout_date,num_guests,total_amount,is_cancelled,customer_id
BK000001,Grand Hotel,Seattle,Deluxe,2024-03-27,2024-04-07,2024-04-11,1,207.41,False,CUST00375
BK000002,Beach Paradise,Seattle,Executive,2024-11-29,2024-12-12,2024-12-14,4,143.91,False,CUST00452
BK000003,Grand Hotel,Chicago,Standard,2024-01-06,2024-01-18,2024-01-20,2,298.5,True,CUST00053
BK000004,Grand Hotel,New York,Executive,2024-09-18,2024-09-24,2024-09-30,3,498.36,False,CUST00495
BK000005,Ocean View Resort,Seattle,Deluxe,2024-11-10,2024-11-18,2024-11-22,2,916.95,True,CUST00326
BK000006,Mountain Lodge,Seattle,Suite,2024-03-15,2024-03-29,2024-04-02,3,568.99,False,CUST00474
BK000007,Beach Paradise,Los Angeles,Standard,2024-09-26,2024-10-22,2024-10-28,3,188.55,True,CUST00285
BK000008,City Center Inn,Chicago,Standard,2024-07-02,2024-07-04,2024-07-07,2,812.41,False,CUST00191
BK000009,Grand Hotel,New York,Suite,2024-06-13,2024-07-09,2024-07-11,2,786.7,False,CUST00190
BK000010,Grand Hotel,Los Angeles,Executive,2024-10-07,2024-10-27,2024-10-31,3,408.95,False,CUST00341
BK000011,City Center Inn,Chicago,Standard,2024-06-27,2024-07-14,2024-07-21,3,787.23,False,CUST00211
BK000012,Beach Paradise,Miami,Deluxe,2024-10-12,2024-11-01,2024-11-08,2,321.59,False,CUST00325
BK000013,Grand Hotel,New York,Deluxe,2024-04-21,2024-05-17,2024-05-20,2,521.1,True,CUST00434
BK000014,City Center Inn,Seattle,Deluxe,2024-12-29,2025-01-10,2025-01-17,4,420.85,True,CUST00152
BK000015,Mountain Lodge,Los Angeles,Standard,2024-12-14,2025-01-13,2025-01-14,4,920.18,False,CUST00322
BK000016,Grand Hotel,Seattle,Standard,2024-06-18,2024-07-15,2024-07-22,4,580.37,False,CUST00206
BK000017,Mountain Lodge,Seattle,Executive,2024-08-18,2024-08-25,2024-08-27,4,723.08,True,CUST00103
BK000018,Ocean View Resort,Miami,Executive,2024-01-01,2024-01-25,2024-01-28,4,892.18,True,CUST00323
BK000019,Beach Paradise,Los Angeles,Suite,2024-11-22,2024-12-08,2024-12-15,4,839.3,True,CUST00231
BK000020,Beach Paradise,New York,Executive,2024-07-14,2024-07-16,2024-07-18,4,829.73,False,CUST00403
BK000021,Grand Hotel,Miami,Standard,2024-09-15,2024-09-25,2024-09-29,2,517.34,True,CUST00359
BK000022,City Center Inn,Seattle,Standard,2024-08-27,2024-08-28,2024-09-03,2,147.7,False,CUST00141
BK000023,City Center Inn,Chicago,Deluxe,2024-07-07,2024-07-31,2024-08-06,2,248.93,False,CUST00047
BK000024,City Center Inn,New York,Deluxe,2024-09-06,2024-10-02,2024-10-05,2,792.59,False,CUST00029
BK000025,Beach Paradise,Los Angeles,Executive,2024-02-04,2024-02-25,2024-03-02,1,379.57,True,CUST00052
BK000026,Mountain Lodge,Seattle,Executive,2024-04-12,2024-04-16,2024-04-18,2,668.01,False,CUST00441
BK000027,Mountain Lodge,Los Angeles,Standard,2024-02-13,2024-03-08,2024-03-15,1,501.36,True,CUST00220
BK000028,Beach Paradise,Miami,Standard,2024-12-13,2025-01-03,2025-01-10,2,636.86,False,CUST00167
BK000029,Grand Hotel,Los Angeles,Deluxe,2024-01-03,2024-01-20,2024-01-21,2,471.27,False,CUST00418
BK000030,Beach Paradise,Miami,Executive,2024-11-19,2024-12-01,2024-12-07,4,958.7,True,CUST00392
BK000031,City Center Inn,Los Angeles,Executive,2024-12-18,2024-12-27,2024-12-28,4,455.29,False,CUST00482
BK000032,Mountain Lodge,Seattle,Deluxe,2024-01-24,2024-02-07,2024-02-13,2,402.95,False,CUST00468
BK000033,Mountain Lodge,Chicago,Deluxe,2024-02-21,2024-02-24,2024-03-01,2,538.74,True,CUST00121
BK000034,Ocean View Resort,New York,Suite,2024-02-15,2024-03-15,2024-03-22,2,199.82,True,CUST00313
BK000035,Beach Paradise,Los Angeles,Executive,2024-05-01,2024-05-05,2024-05-12,2,145.09,True,CUST00174
BK000036,Ocean View Resort,Chicago,Suite,2024-06-14,2024-06-29,2024-07-02,3,467.64,True,CUST00426
BK000037,City Center Inn,New York,Standard,2024-03-08,2024-04-03,2024-04-04,4,347.05,False,CUST00390
BK000038,Mountain Lodge,Seattle,Executive,2024-10-06,2024-10-30,2024-11-02,2,196.71,True,CUST00441
BK000039,Grand Hotel,Chicago,Suite,2024-04-11,2024-04-26,2024-04-30,3,987.89,True,CUST00089
BK000040,Mountain Lodge,Miami,Suite,2024-08-04,2024-08-13,2024-08-14,1,684.56,True,CUST00470
BK000041,Beach Paradise,Los Angeles,Executive,2024-12-18,2025-01-03,2025-01-10,3,163.31,True,CUST00048
BK000042,Beach Paradise,Seattle,Suite,2024-04-21,2024-05-11,2024-05-18,1,965.31,False,CUST00402
BK000043,Grand Hotel,New York,Suite,2024-12-27,2024-12-28,2024-12-31,1,163.52,True,CUST00153
BK000044,City Center Inn,Seattle,Suite,2024-08-31,2024-09-02,2024-09-06,2,185.77,True,CUST00346
BK000045,Grand Hotel,Los Angeles,Executive,2024-10-06,2024-10-07,2024-10-09,3,305.74,True,CUST00200
BK000046,Grand Hotel,Los Angeles,Executive,2024-08-12,2024-08-19,2024-08-23,3,900.93,False,CUST00047
BK000047,Mountain Lodge,Seattle,Suite,2024-08-19,2024-09-14,2024-09-20,4,476.04,False,CUST00329
BK000048,Grand Hotel,Seattle,Executive,2024-09-06,2024-09-26,2024-10-01,3,187.74,False,CUST00484
BK000049,City Center Inn,Los Angeles,Deluxe,2024-06-06,2024-06-10,2024-06-13,3,875.49,False,CUST00126
BK000050,City Center Inn,Miami,Suite,2024-04-08,2024-05-03,2024-05-07,2,351.56,False,CUST00250
BK000051,Mountain Lodge,Chicago,Standard,2024-01-23,2024-02-15,2024-02-21,4,956.74,False,CUST00353
BK000052,Grand Hotel,Los Angeles,Executive,2024-04-02,2024-04-23,2024-04-29,1,610.88,True,CUST00065
BK000053,City Center Inn,Chicago,Standard,2024-11-25,2024-12-08,2024-12-10,3,263.16,False,CUST00361
BK000054,City Center Inn,New York,Suite,2024-07-18,2024-08-15,2024-08-18,3,204.7,True,CUST00062
BK000055,Grand Hotel,Seattle,Suite,2024-11-29,2024-12-05,2024-12-12,4,453.4,True,CUST00272
BK000056,Beach Paradise,New York,Deluxe,2024-09-25,2024-10-19,2024-10-24,1,462.12,True,CUST00093
BK000057,Ocean View Resort,Miami,Standard,2024-09-21,2024-10-15,2024-10-18,2,642.66,True,CUST00287
BK000058,Ocean View Resort,Los Angeles,Deluxe,2024-01-18,2024-02-10,2024-02-17,1,377.18,True,CUST00207
BK000059,Ocean View Resort,Seattle,Executive,2024-06-28,2024-07-07,2024-07-11,1,972.53,True,CUST00378
BK000060,Mountain Lodge,New York,Standard,2024-07-06,2024-07-12,2024-07-14,4,156.89,False,CUST00391
BK000061,Mountain Lodge,Chicago,Deluxe,2024-01-24,2024-01-27,2024-01-30,1,770.81,True,CUST00500
BK000062,Ocean View Resort,Chicago,Deluxe,2024-07-01,2024-07-30,2024-08-04,2,998.31,False,CUST00163
BK000063,Beach Paradise,New York,Standard,2024-03-18,2024-03-31,2024-04-05,4,596.2,True,CUST00052
BK000064,Ocean View Resort,Seattle,Suite,2024-12-11,2024-12-28,2025-01-03,3,425.77,False,CUST00282
BK000065,City Center Inn,Los Angeles,Deluxe,2024-11-20,2024-12-05,2024-12-09,3,625.32,False,CUST00038
BK000066,Ocean View Resort,Seattle,Executive,2024-04-08,2024-04-20,2024-04-24,4,747.76,True,CUST00352
BK000067,City Center Inn,Los Angeles,Executive,2024-10-18,2024-11-16,2024-11-17,2,577.5,True,CUST00007
BK000068,Beach Paradise,Los Angeles,Deluxe,2024-03-20,2024-04-17,2024-04-22,4,439.17,True,CUST00167
BK000069,Beach Paradise,Chicago,Standard,2024-02-17,2024-03-06,2024-03-11,2,785.44,False,CUST00333
BK000070,City Center Inn,Miami,Executive,2024-07-16,2024-08-15,2024-08-22,3,493.15,True,CUST00430
BK000071,Ocean View Resort,Miami,Standard,2024-03-16,2024-04-11,2024-04-15,4,888.39,True,CUST00122
BK000072,Mountain Lodge,Chicago,Standard,2024-10-26,2024-11-10,2024-11-16,2,303.43,False,CUST00160
BK000073,Mountain Lodge,Los Angeles,Executive,2024-09-22,2024-10-16,2024-10-19,2,215.7,False,CUST00399
BK000074,City Center Inn,Seattle,Suite,2024-12-21,2025-01-18,2025-01-25,3,307.25,False,CUST00141
BK000075,Ocean View Resort,Miami,Deluxe,2024-11-18,2024-12-01,2024-12-02,4,603.51,True,CUST00480
BK000076,Ocean View Resort,Los Angeles,Standard,2024-08-20,2024-09-01,2024-09-04,4,199.65,False,CUST00330
BK000077,City Center Inn,Miami,Suite,2024-05-12,2024-05-18,2024-05-25,1,683.31,True,CUST00257
BK000078,Ocean View Resort,Chicago,Standard,2024-05-18,2024-05-24,2024-05-28,3,616.71,False,CUST00196
BK000079,Ocean View Resort,Seattle,Deluxe,2024-01-19,2024-02-06,2024-02-09,3,549.71,True,CUST00315
BK000080,Beach Paradise,Miami,Deluxe,2024-07-19,2024-08-10,2024-08-13,3,713.98,False,CUST00355
BK000081,Grand Hotel,Miami,Deluxe,2024-06-24,2024-07-02,2024-07-06,2,784.6,False,CUST00141
BK000082,Grand Hotel,Seattle,Deluxe,2024-02-06,2024-03-01,2024-03-02,3,636.11,False,CUST00332
BK000083,Mountain Lodge,Los Angeles,Standard,2024-02-26,2024-03-23,2024-03-27,1,320.77,True,CUST00479
BK000084,City Center Inn,Chicago,Standard,2024-08-27,2024-09-19,2024-09-23,1,686.81,False,CUST00424
BK000085,Grand Hotel,Chicago,Executive,2024-10-05,2024-10-27,2024-10-28,1,407.57,True,CUST00489
BK000086,Beach Paradise,Miami,Suite,2024-07-02,2024-07-23,2024-07-29,2,408.04,True,CUST00342
BK000087,Grand Hotel,Miami,Deluxe,2024-01-04,2024-01-23,2024-01-27,3,784.66,False,CUST00214
BK000088,Grand Hotel,Seattle,Deluxe,2024-05-24,2024-06-20,2024-06-25,4,986.3,True,CUST00231
BK000089,Ocean View Resort,Chicago,Executive,2024-08-23,2024-08-29,2024-09-02,1,244.2,True,CUST00473
BK000090,City Center Inn,Los Angeles,Deluxe,2024-05-09,2024-05-18,2024-05-22,3,315.27,False,CUST00171
BK000091,Grand Hotel,Chicago,Suite,2024-01-03,2024-01-23,2024-01-29,4,728.22,False,CUST00121
BK000092,Grand Hotel,Los Angeles,Suite,2024-12-30,2025-01-02,2025-01-08,4,747.37,True,CUST00052
BK000093,Ocean View Resort,New York,Executive,2024-12-30,2024-12-31,2025-01-07,1,699.77,True,CUST00048
BK000094,Grand Hotel,Seattle,Suite,2024-04-02,2024-04-08,2024-04-11,2,280.71,True,CUST00292
BK000095,Beach Paradise,Seattle,Suite,2024-05-15,2024-06-03,2024-06-06,4,246.09,True,CUST00109
BK000096,Ocean View Resort,Miami,Standard,2024-08-15,2024-09-11,2024-09-18,4,780.58,True,CUST00434
BK000097,Mountain Lodge,New York,Suite,2024-11-08,2024-11-10,2024-11-14,4,491.28,False,CUST00006
BK000098,Grand Hotel,New York,Deluxe,2024-06-10,2024-06-21,2024-06-27,4,743.73,False,CUST00485
BK000099,Grand Hotel,Miami,Deluxe,2024-08-17,2024-09-06,2024-09-11,2,624.96,False,CUST00384
BK000100,City Center Inn,Los Angeles,Deluxe,2024-07-29,2024-08-18,2024-08-22,2,982.63,True,CUST00369
BK000101,Ocean View Resort,Los Angeles,Suite,2024-03-23,2024-04-02,2024-04-06,2,240.65,False,CUST00103
BK000102,Grand Hotel,Chicago,Executive,2024-07-02,2024-07-18,2024-07-22,3,178.01,False,CUST00214
BK000103,Beach Paradise,Chicago,Standard,2024-04-28,2024-05-24,2024-05-30,2,857.65,True,CUST00467
BK000104,Mountain Lodge,New York,Standard,2024-06-20,2024-07-06,2024-07-13,2,234.71,False,CUST00376
BK000105,Beach Paradise,Seattle,Suite,2024-08-29,2024-09-23,2024-09-27,1,814.93,False,CUST00173
BK000106,Beach Paradise,Seattle,Executive,2024-10-14,2024-10-27,2024-10-31,3,637.15,True,CUST00387
BK000107,Grand Hotel,Seattle,Executive,2024-08-06,2024-08-13,2024-08-15,1,451.64,True,CUST00485
BK000108,Mountain Lodge,Seattle,Executive,2024-01-14,2024-02-13,2024-02-17,4,457.07,True,CUST00021
BK000109,Mountain Lodge,Miami,Suite,2024-07-03,2024-07-06,2024-07-13,2,446.05,False,CUST00373
BK000110,Ocean View Resort,Chicago,Suite,2024-01-28,2024-02-26,2024-03-04,2,929.18,True,CUST00439
BK000111,Grand Hotel,Miami,Suite,2024-11-14,2024-12-10,2024-12-15,1,236.98,True,CUST00038
BK000112,City Center Inn,Chicago,Suite,2024-10-05,2024-10-29,2024-10-31,3,463.82,False,CUST00489
BK000113,Ocean View Resort,New York,Standard,2024-03-13,2024-03-22,2024-03-28,2,211.2,False,CUST00227
BK000114,Ocean View Resort,Seattle,Standard,2024-02-05,2024-02-16,2024-02-20,4,897.63,False,CUST00475
BK000115,Mountain Lodge,Chicago,Suite,2024-10-08,2024-10-23,2024-10-26,1,683.08,False,CUST00445
BK000116,Ocean View Resort,Seattle,Deluxe,2024-10-15,2024-11-08,2024-11-11,4,946.71,False,CUST00016
BK000117,Beach Paradise,Los Angeles,Suite,2024-03-28,2024-04-16,2024-04-21,2,270.85,True,CUST00050
BK000118,Ocean View Resort,Los Angeles,Standard,2024-02-16,2024-03-15,2024-03-22,2,486.2,False,CUST00138
BK000119,City Center Inn,Chicago,Deluxe,2024-04-22,2024-05-02,2024-05-08,4,679.58,True,CUST00061
BK000120,Beach Paradise,Seattle,Deluxe,2024-02-16,2024-02-18,2024-02-19,3,365.44,True,CUST00168
BK000121,Mountain Lodge,Chicago,Standard,2024-08-03,2024-08-18,2024-08-23,2,134.13,False,CUST00043
BK000122,Grand Hotel,Miami,Standard,2024-11-18,2024-12-14,2024-12-20,4,512.07,False,CUST00231
BK000123,Grand Hotel,Seattle,Executive,2024-07-20,2024-07-21,2024-07-26,3,829.59,True,CUST00325
BK000124,City Center Inn,Los Angeles,Standard,2024-01-22,2024-02-18,2024-02-21,4,251.29,True,CUST00450
BK000125,Beach Paradise,Seattle,Deluxe,2024-10-07,2024-11-05,2024-11-09,3,246.55,False,CUST00209
BK000126,Mountain Lodge,Chicago,Executive,2024-02-01,2024-02-06,2024-02-12,3,563.77,False,CUST00210
BK000127,City Center Inn,New York,Suite,2024-07-25,2024-07-26,2024-07-28,1,391.24,False,CUST00164
BK000128,Ocean View Resort,New York,Suite,2024-05-27,2024-06-07,2024-06-14,4,326.73,True,CUST00062
BK000129,Mountain Lodge,Miami,Deluxe,2024-11-16,2024-12-09,2024-12-11,4,111.1,False,CUST00419
BK000130,Grand Hotel,Chicago,Deluxe,2024-02-02,2024-02-11,2024-02-12,4,698.9,True,CUST00221
BK000131,Grand Hotel,Miami,Deluxe,2024-10-08,2024-10-23,2024-10-25,2,236.25,False,CUST00235
BK000132,City Center Inn,Miami,Standard,2024-08-17,2024-08-20,2024-08-24,4,955.72,False,CUST00480
BK000133,Beach Paradise,Los Angeles,Deluxe,2024-01-25,2024-01-30,2024-02-01,4,866.29,True,CUST00125
BK000134,City Center Inn,Seattle,Suite,2024-11-08,2024-11-13,2024-11-16,4,474.14,False,CUST00056
BK000135,Beach Paradise,Seattle,Suite,2024-06-07,2024-07-02,2024-07-03,3,361.71,False,CUST00088
BK000136,Mountain Lodge,New York,Standard,2024-07-03,2024-07-29,2024-08-03,4,975.08,False,CUST00339
BK000137,Grand Hotel,Los Angeles,Deluxe,2024-06-06,2024-07-03,2024-07-08,3,600.94,True,CUST00293
BK000138,Ocean View Resort,Los Angeles,Executive,2024-03-23,2024-04-13,2024-04-15,4,537.98,True,CUST00231
BK000139,City Center Inn,Seattle,Standard,2024-12-05,2024-12-25,2024-12-26,3,945.59,False,CUST00200
BK000140,Beach Paradise,Chicago,Executive,2024-08-19,2024-08-31,2024-09-05,3,857.68,True,CUST00408
BK000141,Grand Hotel,Chicago,Suite,2024-12-18,2025-01-11,2025-01-17,4,214.04,True,CUST00168
BK000142,Grand Hotel,Chicago,Suite,2024-06-12,2024-06-21,2024-06-26,2,286.36,False,CUST00250
BK000143,Grand Hotel,Chicago,Deluxe,2024-04-07,2024-05-04,2024-05-10,4,410.3,False,CUST00386
BK000144,Beach Paradise,Chicago,Deluxe,2024-10-10,2024-10-15,2024-10-21,2,370.01,False,CUST00339
BK000145,Beach Paradise,Chicago,Deluxe,2024-09-06,2024-09-19,2024-09-21,1,782.53,True,CUST00243
BK000146,City Center Inn,Los Angeles,Deluxe,2024-11-16,2024-12-01,2024-12-04,3,660.14,False,CUST00330
BK000147,Ocean View Resort,Seattle,Standard,2024-04-05,2024-04-06,2024-04-08,4,853.48,False,CUST00449
BK000148,Ocean View Resort,Miami,Executive,2024-11-03,2024-11-27,2024-11-29,1,816.69,True,CUST00283
BK000149,City Center Inn,Los Angeles,Deluxe,2024-03-22,2024-04-02,2024-04-03,1,971.64,False,CUST00252
BK000150,Mountain Lodge,New York,Suite,2024-03-03,2024-03-18,2024-03-25,2,281.83,False,CUST00045
BK000151,Grand Hotel,Miami,Suite,2024-08-02,2024-08-20,2024-08-23,4,148.03,True,CUST00455
BK000152,Mountain Lodge,Chicago,Executive,2024-05-23,2024-06-06,2024-06-11,1,690.03,False,CUST00249
BK000153,Mountain Lodge,Miami,Executive,2024-12-25,2025-01-19,2025-01-25,1,357.82,True,CUST00300
BK000154,Ocean View Resort,Chicago,Standard,2024-10-01,2024-10-08,2024-10-15,4,196.65,True,CUST00013
BK000155,City Center Inn,Chicago,Executive,2024-11-28,2024-12-04,2024-12-07,1,525.12,True,CUST00033
BK000156,Beach Paradise,Chicago,Standard,2024-09-30,2024-10-22,2024-10-24,3,805.75,True,CUST00253
BK000157,Mountain Lodge,New York,Suite,2024-09-14,2024-09-28,2024-10-05,4,604.31,True,CUST00350
BK000158,Grand Hotel,Los Angeles,Suite,2024-10-27,2024-11-26,2024-12-01,4,905.43,True,CUST00022
BK000159,Grand Hotel,Miami,Suite,2024-09-01,2024-09-29,2024-10-01,2,668.95,False,CUST00267
BK000160,City Center Inn,New York,Executive,2024-10-22,2024-11-01,2024-11-06,3,358.82,True,CUST00070
BK000161,Mountain Lodge,Miami,Suite,2024-07-01,2024-07-07,2024-07-08,4,868.37,False,CUST00289
BK000162,Ocean View Resort,Chicago,Executive,2024-02-07,2024-03-06,2024-03-08,3,807.44,True,CUST00159
BK000163,City Center Inn,Chicago,Suite,2024-06-27,2024-07-16,2024-07-22,2,818.57,False,CUST00278
BK000164,Beach Paradise,Los Angeles,Executive,2024-02-07,2024-03-05,2024-03-09,3,814.71,True,CUST00012
BK000165,Grand Hotel,New York,Executive,2024-12-27,2025-01-15,2025-01-17,1,924.64,True,CUST00214
BK000166,Mountain Lodge,Miami,Executive,2024-08-22,2024-09-20,2024-09-23,4,229.63,False,CUST00385
BK000167,Grand Hotel,Los Angeles,Executive,2024-11-24,2024-11-29,2024-12-06,3,613.26,False,CUST00305
BK000168,Ocean View Resort,Miami,Deluxe,2024-07-15,2024-08-12,2024-08-16,4,715.21,False,CUST00290
BK000169,Grand Hotel,Los Angeles,Deluxe,2024-03-31,2024-04-14,2024-04-17,1,922.0,True,CUST00381
BK000170,City Center Inn,Los Angeles,Suite,2024-06-10,2024-06-20,2024-06-22,1,532.59,True,CUST00202
BK000171,Grand Hotel,Chicago,Deluxe,2024-10-05,2024-10-26,2024-10-30,2,810.31,True,CUST00250
BK000172,Grand Hotel,Los Angeles,Deluxe,2024-09-12,2024-10-09,2024-10-11,4,782.8,True,CUST00332
BK000173,Beach Paradise,Miami,Deluxe,2024-07-19,2024-07-22,2024-07-26,2,836.43,True,CUST00315
BK000174,City Center Inn,Chicago,Suite,2024-06-22,2024-07-19,2024-07-20,2,613.94,True,CUST00410
BK000175,Mountain Lodge,Miami,Executive,2024-03-31,2024-04-29,2024-05-01,1,343.87,True,CUST00188
BK000176,Beach Paradise,Los Angeles,Suite,2024-04-21,2024-05-21,2024-05-26,1,178.48,True,CUST00240
BK000177,Beach Paradise,Chicago,Executive,2024-12-24,2025-01-16,2025-01-18,4,908.57,True,CUST00231
BK000178,Mountain Lodge,New York,Deluxe,2024-09-09,2024-10-05,2024-10-09,4,616.31,False,CUST00296
BK000179,Ocean View Resort,Seattle,Deluxe,2024-04-30,2024-05-18,2024-05-24,2,520.25,False,CUST00274
BK000180,Ocean View Resort,Los Angeles,Standard,2024-09-26,2024-10-06,2024-10-10,3,537.59,True,CUST00324
BK000181,Grand Hotel,Miami,Executive,2024-02-03,2024-02-12,2024-02-19,4,436.48,False,CUST00144
BK000182,Mountain Lodge,Los Angeles,Executive,2024-05-16,2024-06-13,2024-06-17,2,134.31,False,CUST00068
BK000183,Beach Paradise,Los Angeles,Executive,2024-04-05,2024-04-11,2024-04-17,3,234.53,True,CUST00428
BK000184,Beach Paradise,Los Angeles,Deluxe,2024-02-03,2024-02-04,2024-02-11,3,665.57,False,CUST00149
BK000185,Ocean View Resort,Miami,Executive,2024-01-12,2024-01-22,2024-01-23,1,655.65,True,CUST00492
BK000186,Grand Hotel,Miami,Deluxe,2024-02-21,2024-03-13,2024-03-19,2,943.25,True,CUST00498
BK000187,Grand Hotel,New York,Standard,2024-12-28,2025-01-15,2025-01-18,1,958.75,True,CUST00379
BK000188,Beach Paradise,Seattle,Suite,2024-12-31,2025-01-29,2025-01-31,3,249.99,False,CUST00101
BK000189,Mountain Lodge,Miami,Deluxe,2024-10-23,2024-11-20,2024-11-27,4,929.27,True,CUST00062
BK000190,City Center Inn,Seattle,Standard,2024-06-02,2024-06-20,2024-06-25,3,136.3,True,CUST00047
BK000191,Ocean View Resort,Chicago,Suite,2024-02-27,2024-03-09,2024-03-14,1,921.28,True,CUST00254
BK000192,Ocean View Resort,Seattle,Deluxe,2024-03-25,2024-04-02,2024-04-06,1,299.0,False,CUST00253
BK000193,City Center Inn,Los Angeles,Suite,2024-12-22,2025-01-08,2025-01-12,4,543.55,False,CUST00490
BK000194,Ocean View Resort,Los Angeles,Deluxe,2024-09-12,2024-09-17,2024-09-22,1,766.68,False,CUST00473
BK000195,Beach Paradise,Miami,Suite,2024-03-11,2024-03-20,2024-03-26,2,497.09,False,CUST00293
BK000196,Ocean View Resort,Seattle,Deluxe,2024-03-22,2024-03-24,2024-03-30,3,171.67,False,CUST00281
BK000197,City Center Inn,Los Angeles,Suite,2024-08-29,2024-09-17,2024-09-22,4,155.84,True,CUST00056
BK000198,Beach Paradise,Chicago,Standard,2024-01-08,2024-01-09,2024-01-11,1,101.18,False,CUST00261
BK000199,Mountain Lodge,Seattle,Deluxe,2024-04-03,2024-04-24,2024-04-29,4,543.73,False,CUST00421
BK000200,City Center Inn,Chicago,Standard,2024-03-08,2024-04-01,2024-04-06,3,651.84,True,CUST00479
BK000201,Ocean View Resort,Los Angeles,Executive,2024-08-07,2024-08-23,2024-08-25,3,417.93,True,CUST00089
BK000202,Beach Paradise,Miami,Executive,2024-04-26,2024-05-25,2024-05-31,1,128.31,False,CUST00296
BK000203,Grand Hotel,Seattle,Standard,2024-01-04,2024-01-05,2024-01-09,4,113.47,False,CUST00175
BK000204,Grand Hotel,Miami,Executive,2024-08-06,2024-08-26,2024-08-29,2,265.56,True,CUST00203
BK000205,City Center Inn,Seattle,Standard,2024-06-03,2024-06-17,2024-06-18,2,541.58,True,CUST00350
BK000206,City Center Inn,Los Angeles,Standard,2024-05-12,2024-06-09,2024-06-14,4,465.1,False,CUST00382
BK000207,City Center Inn,Miami,Standard,2024-11-25,2024-12-20,2024-12-26,4,563.33,False,CUST00480
BK000208,Beach Paradise,Los Angeles,Deluxe,2024-04-07,2024-04-21,2024-04-26,1,794.14,False,CUST00324
BK000209,Mountain Lodge,Los Angeles,Executive,2024-04-15,2024-04-27,2024-05-04,2,467.64,True,CUST00313
BK000210,Grand Hotel,Seattle,Executive,2024-10-06,2024-10-16,2024-10-20,3,737.62,False,CUST00171
BK000211,Mountain Lodge,Miami,Standard,2024-04-20,2024-05-01,2024-05-04,1,545.03,True,CUST00493
BK000212,Mountain Lodge,Los Angeles,Executive,2024-02-11,2024-02-20,2024-02-22,2,870.85,True,CUST00159
BK000213,Grand Hotel,New York,Standard,2024-05-07,2024-05-22,2024-05-28,4,998.1,False,CUST00117
BK000214,Ocean View Resort,Chicago,Deluxe,2024-12-21,2025-01-12,2025-01-13,3,620.72,False,CUST00172
BK000215,Beach Paradise,New York,Executive,2024-12-07,2024-12-18,2024-12-23,3,853.42,False,CUST00294
BK000216,Mountain Lodge,Los Angeles,Executive,2024-09-01,2024-09-07,2024-09-08,4,256.3,False,CUST00115
BK000217,City Center Inn,Los Angeles,Suite,2024-03-29,2024-04-08,2024-04-09,3,317.97,False,CUST00324
BK000218,Beach Paradise,Chicago,Executive,2024-09-05,2024-09-07,2024-09-08,1,920.79,True,CUST00437
BK000219,Grand Hotel,Miami,Deluxe,2024-12-12,2025-01-10,2025-01-15,1,503.9,False,CUST00326
BK000220,City Center Inn,Los Angeles,Suite,2024-02-12,2024-03-01,2024-03-02,1,605.35,True,CUST00095
BK000221,Beach Paradise,Seattle,Deluxe,2024-02-14,2024-02-16,2024-02-19,3,216.42,True,CUST00322
BK000222,Grand Hotel,New York,Suite,2024-04-20,2024-05-04,2024-05-09,4,421.39,True,CUST00289
BK000223,Mountain Lodge,Seattle,Deluxe,2024-07-02,2024-07-22,2024-07-27,2,130.03,False,CUST00464
BK000224,City Center Inn,Los Angeles,Standard,2024-06-21,2024-06-28,2024-06-29,3,744.54,True,CUST00401
BK000225,Mountain Lodge,Los Angeles,Deluxe,2024-12-04,2024-12-30,2025-01-01,3,320.95,False,CUST00112
BK000226,Grand Hotel,Los Angeles,Deluxe,2024-09-23,2024-09-25,2024-09-28,3,266.96,False,CUST00178
BK000227,Ocean View Resort,Seattle,Standard,2024-05-06,2024-05-27,2024-05-30,1,114.48,False,CUST00321
BK000228,Mountain Lodge,Miami,Suite,2024-06-02,2024-06-17,2024-06-20,4,760.5,False,CUST00393
BK000229,Mountain Lodge,Chicago,Standard,2024-11-16,2024-11-28,2024-12-02,4,565.46,False,CUST00193
BK000230,Mountain Lodge,Los Angeles,Suite,2024-04-29,2024-05-18,2024-05-21,2,746.43,True,CUST00269
BK000231,Mountain Lodge,Los Angeles,Standard,2024-12-06,2024-12-09,2024-12-10,1,663.97,True,CUST00180
BK000232,City Center Inn,Chicago,Executive,2024-08-08,2024-08-15,2024-08-16,3,299.59,False,CUST00090
BK000233,Mountain Lodge,Seattle,Executive,2024-01-28,2024-02-15,2024-02-16,2,215.42,True,CUST00472
BK000234,Beach Paradise,Chicago,Suite,2024-06-13,2024-07-04,2024-07-06,1,373.79,False,CUST00001
BK000235,Ocean View Resort,Miami,Suite,2024-09-16,2024-10-05,2024-10-11,1,540.68,False,CUST00313
BK000236,Beach Paradise,Seattle,Executive,2024-05-28,2024-06-15,2024-06-22,2,646.4,False,CUST00451
BK000237,Grand Hotel,Chicago,Executive,2024-08-04,2024-08-17,2024-08-22,3,922.13,False,CUST00162
BK000238,City Center Inn,Chicago,Standard,2024-12-26,2025-01-20,2025-01-22,4,500.52,True,CUST00489
BK000239,Beach Paradise,Miami,Standard,2024-06-12,2024-06-28,2024-07-01,3,927.05,True,CUST00064
BK000240,City Center Inn,Chicago,Executive,2024-04-02,2024-04-13,2024-04-14,4,302.04,True,CUST00208
BK000241,Ocean View Resort,New York,Standard,2024-11-23,2024-12-04,2024-12-06,3,348.44,True,CUST00338
BK000242,Mountain Lodge,Los Angeles,Deluxe,2024-04-18,2024-05-15,2024-05-16,2,207.08,False,CUST00224
BK000243,Mountain Lodge,Miami,Executive,2024-12-17,2025-01-08,2025-01-09,2,340.68,False,CUST00490
BK000244,Mountain Lodge,Chicago,Standard,2024-08-22,2024-09-05,2024-09-08,4,755.25,False,CUST00026
BK000245,Grand Hotel,Los Angeles,Suite,2024-12-26,2024-12-30,2025-01-01,1,378.17,False,CUST00082
BK000246,Beach Paradise,Chicago,Deluxe,2024-06-14,2024-06-24,2024-06-26,1,391.46,False,CUST00135
BK000247,Beach Paradise,Los Angeles,Standard,2024-02-11,2024-03-05,2024-03-11,1,764.18,True,CUST00034
BK000248,Mountain Lodge,Chicago,Suite,2024-07-19,2024-08-11,2024-08-17,1,927.03,False,CUST00020
BK000249,Grand Hotel,New York,Suite,2024-02-09,2024-03-02,2024-03-04,4,693.1,True,CUST00369
BK000250,Grand Hotel,New York,Deluxe,2024-09-20,2024-10-11,2024-10-13,1,172.2,True,CUST00093
BK000251,Beach Paradise,Los Angeles,Standard,2024-07-17,2024-08-12,2024-08-16,3,329.91,False,CUST00152
BK000252,City Center Inn,Seattle,Suite,2024-10-02,2024-10-24,2024-10-27,1,674.44,True,CUST00303
BK000253,Mountain Lodge,Seattle,Standard,2024-08-15,2024-08-26,2024-09-02,4,576.4,True,CUST00437
BK000254,Beach Paradise,Miami,Standard,2024-06-13,2024-07-01,2024-07-06,3,724.6,True,CUST00433
BK000255,Ocean View Resort,Los Angeles,Suite,2024-05-19,2024-06-17,2024-06-20,2,731.94,False,CUST00119
BK000256,City Center Inn,Chicago,Suite,2024-02-14,2024-02-29,2024-03-07,1,203.78,True,CUST00151
BK000257,Mountain Lodge,Los Angeles,Executive,2024-10-17,2024-10-22,2024-10-27,2,506.86,False,CUST00341
BK000258,Grand Hotel,New York,Suite,2024-05-17,2024-06-07,2024-06-14,2,157.94,False,CUST00055
BK000259,Grand Hotel,Chicago,Executive,2024-09-24,2024-09-27,2024-10-01,2,954.04,True,CUST00445
BK000260,City Center Inn,Miami,Executive,2024-05-18,2024-06-14,2024-06-20,1,904.66,True,CUST00061
BK000261,City Center Inn,Chicago,Deluxe,2024-08-23,2024-09-11,2024-09-18,1,540.57,True,CUST00138
BK000262,Mountain Lodge,Chicago,Standard,2024-10-08,2024-10-17,2024-10-24,2,443.75,True,CUST00264
BK000263,Ocean View Resort,Los Angeles,Standard,2024-03-11,2024-04-05,2024-04-06,4,473.27,True,CUST00209
BK000264,Mountain Lodge,Los Angeles,Deluxe,2024-05-18,2024-06-04,2024-06-09,4,121.1,False,CUST00015
BK000265,Grand Hotel,Chicago,Suite,2024-08-17,2024-08-19,2024-08-20,3,804.9,False,CUST00475
BK000266,Grand Hotel,Los Angeles,Executive,2024-08-03,2024-08-16,2024-08-23,3,345.06,False,CUST00004
BK000267,Ocean View Resort,Los Angeles,Standard,2024-03-07,2024-03-16,2024-03-22,2,682.9,True,CUST00197
BK000268,Ocean View Resort,Seattle,Deluxe,2024-01-31,2024-02-05,2024-02-11,4,953.41,False,CUST00285
BK000269,Grand Hotel,Seattle,Deluxe,2024-07-03,2024-07-17,2024-07-23,1,757.95,False,CUST00195
BK000270,Ocean View Resort,Miami,Executive,2024-06-02,2024-06-23,2024-06-28,4,737.03,False,CUST00221
BK000271,Mountain Lodge,Los Angeles,Standard,2024-07-28,2024-08-18,2024-08-25,3,263.71,False,CUST00376
BK000272,City Center Inn,Chicago,Executive,2024-11-28,2024-12-04,2024-12-07,2,674.02,False,CUST00354
BK000273,Ocean View Resort,Chicago,Suite,2024-03-19,2024-04-02,2024-04-03,2,804.64,False,CUST00049
BK000274,City Center Inn,Seattle,Suite,2024-02-18,2024-03-18,2024-03-19,3,897.56,False,CUST00103
BK000275,City Center Inn,Miami,Standard,2024-08-15,2024-09-02,2024-09-06,1,991.79,False,CUST00020
BK000276,Beach Paradise,New York,Deluxe,2024-08-04,2024-08-20,2024-08-25,3,387.91,False,CUST00487
BK000277,Beach Paradise,New York,Suite,2024-08-06,2024-08-30,2024-09-04,2,185.84,True,CUST00087
BK000278,Ocean View Resort,Chicago,Deluxe,2024-07-13,2024-07-20,2024-07-22,3,880.29,False,CUST00273
BK000279,Beach Paradise,Chicago,Deluxe,2024-06-24,2024-07-17,2024-07-24,4,431.59,True,CUST00429
BK000280,Beach Paradise,Chicago,Standard,2024-05-21,2024-05-22,2024-05-23,3,980.3,False,CUST00018
BK000281,Grand Hotel,Miami,Deluxe,2024-03-22,2024-03-29,2024-04-04,1,612.08,True,CUST00448
BK000282,Mountain Lodge,Miami,Suite,2024-04-15,2024-05-02,2024-05-04,3,328.62,True,CUST00292
BK000283,City Center Inn,Miami,Suite,2024-12-01,2024-12-17,2024-12-19,1,249.56,True,CUST00277
BK000284,Mountain Lodge,Los Angeles,Deluxe,2024-03-17,2024-03-22,2024-03-26,4,990.92,False,CUST00478
BK000285,City Center Inn,Miami,Executive,2024-06-30,2024-07-21,2024-07-27,2,685.69,True,CUST00490
BK000286,Ocean View Resort,Chicago,Executive,2024-01-28,2024-02-09,2024-02-11,1,404.02,True,CUST00269
BK000287,City Center Inn,Miami,Standard,2024-03-18,2024-03-25,2024-03-31,4,935.06,True,CUST00252
BK000288,Beach Paradise,Seattle,Deluxe,2024-11-30,2024-12-01,2024-12-03,3,448.47,False,CUST00101
BK000289,Grand Hotel,Los Angeles,Standard,2024-07-13,2024-07-20,2024-07-23,3,897.38,True,CUST00353
BK000290,Beach Paradise,Miami,Standard,2024-01-14,2024-01-29,2024-02-02,4,585.0,False,CUST00237
BK000291,Mountain Lodge,New York,Suite,2024-01-17,2024-01-26,2024-02-02,3,555.93,True,CUST00484
BK000292,Mountain Lodge,Miami,Executive,2024-02-10,2024-03-03,2024-03-07,1,245.58,False,CUST00473
BK000293,Beach Paradise,New York,Standard,2024-03-29,2024-04-16,2024-04-18,3,850.71,True,CUST00007
BK000294,City Center Inn,Los Angeles,Standard,2024-06-27,2024-07-20,2024-07-24,1,200.0,False,CUST00022
BK000295,Ocean View Resort,New York,Deluxe,2024-09-23,2024-10-05,2024-10-12,4,339.56,True,CUST00265
BK000296,Beach Paradise,Seattle,Suite,2024-05-15,2024-05-18,2024-05-22,2,437.21,False,CUST00389
BK000297,Beach Paradise,Miami,Deluxe,2024-06-18,2024-07-16,2024-07-19,3,974.25,True,CUST00116
BK000298,Mountain Lodge,Seattle,Deluxe,2024-01-07,2024-02-02,2024-02-06,1,143.45,True,CUST00404
BK000299,Mountain Lodge,New York,Deluxe,2024-02-20,2024-03-09,2024-03-11,3,987.45,False,CUST00305
BK000300,Ocean View Resort,Chicago,Standard,2024-12-02,2024-12-29,2024-12-31,4,947.27,False,CUST00268
BK000301,Grand Hotel,Chicago,Executive,2024-01-06,2024-01-18,2024-01-21,4,898.24,True,CUST00032
BK000302,Grand Hotel,Seattle,Executive,2024-12-04,2024-12-08,2024-12-10,2,396.48,False,CUST00030
BK000303,Mountain Lodge,Miami,Executive,2024-11-01,2024-11-08,2024-11-13,1,156.74,True,CUST00030
BK000304,Beach Paradise,Miami,Suite,2024-04-15,2024-04-18,2024-04-24,1,881.12,True,CUST00495
BK000305,Ocean View Resort,Los Angeles,Deluxe,2024-07-26,2024-07-31,2024-08-01,1,410.79,True,CUST00217
BK000306,Grand Hotel,Chicago,Suite,2024-05-08,2024-06-06,2024-06-08,4,586.25,True,CUST00448
BK000307,Mountain Lodge,New York,Standard,2024-06-27,2024-07-24,2024-07-28,2,449.19,False,CUST00122
BK000308,Grand Hotel,Los Angeles,Suite,2024-10-09,2024-11-01,2024-11-04,1,282.39,False,CUST00486
BK000309,City Center Inn,Seattle,Executive,2024-03-12,2024-03-25,2024-03-26,1,750.51,True,CUST00159
BK000310,Grand Hotel,Los Angeles,Executive,2024-06-10,2024-07-02,2024-07-06,3,808.73,True,CUST00385
BK000311,Beach Paradise,Chicago,Deluxe,2024-07-19,2024-08-11,2024-08-13,1,588.28,False,CUST00007
BK000312,Beach Paradise,Seattle,Suite,2024-05-24,2024-06-01,2024-06-03,2,834.34,False,CUST00126
BK000313,Grand Hotel,New York,Deluxe,2024-09-05,2024-09-19,2024-09-23,2,704.84,True,CUST00148
BK000314,Mountain Lodge,Miami,Deluxe,2024-02-19,2024-03-02,2024-03-07,2,230.92,True,CUST00320
BK000315,City Center Inn,Chicago,Suite,2024-04-09,2024-04-26,2024-04-27,3,984.27,False,CUST00389
BK000316,Mountain Lodge,Los Angeles,Standard,2024-02-05,2024-02-17,2024-02-21,1,145.35,True,CUST00407
BK000317,Mountain Lodge,Seattle,Suite,2024-05-16,2024-05-31,2024-06-06,3,891.37,True,CUST00081
BK000318,Grand Hotel,New York,Standard,2024-12-07,2024-12-23,2024-12-26,3,577.81,False,CUST00338
BK000319,Ocean View Resort,Seattle,Executive,2024-08-06,2024-08-08,2024-08-11,1,956.26,True,CUST00351
BK000320,Ocean View Resort,Seattle,Suite,2024-06-01,2024-06-29,2024-07-02,2,948.01,False,CUST00068
BK000321,Mountain Lodge,Seattle,Executive,2024-12-01,2024-12-02,2024-12-04,1,713.24,False,CUST00408
BK000322,Grand Hotel,Miami,Executive,2024-04-11,2024-05-06,2024-05-09,2,827.14,False,CUST00234
BK000323,Mountain Lodge,Chicago,Standard,2024-02-15,2024-03-12,2024-03-15,3,928.36,False,CUST00103
BK000324,Mountain Lodge,Seattle,Standard,2024-12-04,2024-12-31,2025-01-05,3,785.43,True,CUST00153
BK000325,Grand Hotel,Miami,Standard,2024-02-20,2024-02-24,2024-02-28,4,177.48,True,CUST00444
BK000326,City Center Inn,Chicago,Executive,2024-08-30,2024-09-26,2024-10-01,4,818.76,True,CUST00445
BK000327,Mountain Lodge,Miami,Deluxe,2024-04-03,2024-04-22,2024-04-25,3,968.51,True,CUST00263
BK000328,Mountain Lodge,Seattle,Standard,2024-03-21,2024-04-16,2024-04-21,1,689.96,False,CUST00363
BK000329,Ocean View Resort,Miami,Deluxe,2024-06-25,2024-07-02,2024-07-09,3,973.2,True,CUST00047
BK000330,Beach Paradise,Miami,Deluxe,2024-10-21,2024-11-19,2024-11-26,2,398.39,False,CUST00110
BK000331,Ocean View Resort,New York,Executive,2024-12-15,2024-12-30,2025-01-05,1,920.04,True,CUST00244
BK000332,City Center Inn,Seattle,Deluxe,2024-11-19,2024-11-23,2024-11-24,1,824.74,True,CUST00344
BK000333,Beach Paradise,New York,Suite,2024-12-08,2024-12-21,2024-12-27,3,314.24,True,CUST00253
BK000334,Mountain Lodge,Miami,Standard,2024-10-03,2024-10-10,2024-10-14,2,175.15,True,CUST00019
BK000335,Beach Paradise,Miami,Standard,2024-03-06,2024-04-02,2024-04-03,3,459.65,False,CUST00058
BK000336,Beach Paradise,Seattle,Standard,2024-12-20,2024-12-25,2024-12-28,1,503.11,True,CUST00491
BK000337,Beach Paradise,Los Angeles,Suite,2024-06-05,2024-06-15,2024-06-20,1,948.31,True,CUST00434
BK000338,Mountain Lodge,Chicago,Standard,2024-12-19,2024-12-21,2024-12-26,4,662.83,False,CUST00478
BK000339,Ocean View Resort,Chicago,Standard,2024-03-08,2024-03-13,2024-03-15,3,201.03,True,CUST00318
BK000340,City Center Inn,Seattle,Executive,2024-04-01,2024-04-05,2024-04-06,4,833.27,False,CUST00175
BK000341,Beach Paradise,Seattle,Executive,2024-07-19,2024-08-07,2024-08-10,3,639.57,True,CUST00490
BK000342,Grand Hotel,Chicago,Executive,2024-11-16,2024-11-27,2024-12-02,3,209.03,False,CUST00478
BK000343,Beach Paradise,Seattle,Deluxe,2024-06-11,2024-06-22,2024-06-27,3,647.24,True,CUST00398
BK000344,City Center Inn,Seattle,Standard,2024-03-28,2024-04-20,2024-04-23,1,978.2,False,CUST00361
BK000345,Mountain Lodge,Seattle,Standard,2024-06-23,2024-07-15,2024-07-18,1,355.19,True,CUST00103
BK000346,Grand Hotel,Chicago,Standard,2024-11-05,2024-11-19,2024-11-24,3,176.3,False,CUST00272
BK000347,Grand Hotel,Miami,Deluxe,2024-01-11,2024-01-15,2024-01-19,1,615.13,True,CUST00020
BK000348,Beach Paradise,Miami,Deluxe,2024-05-07,2024-06-04,2024-06-09,1,910.64,False,CUST00367
BK000349,Grand Hotel,Miami,Deluxe,2024-05-07,2024-05-15,2024-05-16,3,182.85,True,CUST00122
BK000350,Beach Paradise,Miami,Deluxe,2024-03-16,2024-03-18,2024-03-19,4,905.14,True,CUST00109
BK000351,Beach Paradise,Los Angeles,Deluxe,2024-12-06,2024-12-18,2024-12-22,1,478.84,True,CUST00184
BK000352,Mountain Lodge,New York,Deluxe,2024-03-06,2024-03-23,2024-03-27,2,988.09,True,CUST00359
BK000353,City Center Inn,New York,Deluxe,2024-11-14,2024-12-07,2024-12-08,3,890.41,True,CUST00124
BK000354,City Center Inn,Seattle,Standard,2024-03-07,2024-04-04,2024-04-09,3,275.65,False,CUST00223
BK000355,Mountain Lodge,New York,Suite,2024-07-11,2024-08-04,2024-08-08,1,904.67,True,CUST00378
BK000356,Grand Hotel,Los Angeles,Executive,2024-11-16,2024-11-25,2024-12-02,4,204.53,True,CUST00267
BK000357,Ocean View Resort,Chicago,Executive,2024-12-16,2025-01-01,2025-01-02,1,897.39,False,CUST00465
BK000358,Grand Hotel,New York,Suite,2024-02-16,2024-03-13,2024-03-15,3,292.98,False,CUST00298
BK000359,Mountain Lodge,Seattle,Executive,2024-07-18,2024-08-13,2024-08-14,3,383.36,True,CUST00138
BK000360,Mountain Lodge,Chicago,Suite,2024-05-15,2024-06-02,2024-06-03,4,388.37,False,CUST00437
BK000361,Mountain Lodge,Chicago,Suite,2024-05-12,2024-05-16,2024-05-17,3,881.6,True,CUST00234
BK000362,Ocean View Resort,Seattle,Executive,2024-03-19,2024-04-07,2024-04-11,3,192.12,False,CUST00331
BK000363,Ocean View Resort,Los Angeles,Suite,2024-12-28,2025-01-17,2025-01-19,4,617.69,True,CUST00456
BK000364,City Center Inn,Seattle,Deluxe,2024-09-05,2024-10-05,2024-10-07,1,488.01,False,CUST00344
BK000365,Grand Hotel,Los Angeles,Suite,2024-04-23,2024-05-02,2024-05-07,2,406.2,False,CUST00217
BK000366,Beach Paradise,Los Angeles,Executive,2024-06-26,2024-07-14,2024-07-19,4,512.92,False,CUST00361
BK000367,City Center Inn,Miami,Deluxe,2024-11-06,2024-12-03,2024-12-08,1,761.44,True,CUST00181
BK000368,Mountain Lodge,Miami,Standard,2024-11-26,2024-12-06,2024-12-08,3,294.43,False,CUST00242
BK000369,Grand Hotel,Miami,Deluxe,2024-01-26,2024-01-27,2024-02-01,3,664.25,True,CUST00175
BK000370,Ocean View Resort,Seattle,Standard,2024-07-18,2024-08-08,2024-08-13,2,974.54,False,CUST00480
BK000371,Beach Paradise,Los Angeles,Suite,2024-04-06,2024-04-30,2024-05-02,3,265.33,True,CUST00218
BK000372,Ocean View Resort,Seattle,Deluxe,2024-07-08,2024-07-25,2024-07-26,2,458.68,False,CUST00371
BK000373,Mountain Lodge,Miami,Suite,2024-07-18,2024-07-28,2024-08-01,1,698.78,True,CUST00312
BK000374,Grand Hotel,Miami,Standard,2024-06-14,2024-07-04,2024-07-08,3,393.36,False,CUST00193
BK000375,Ocean View Resort,New York,Executive,2024-11-14,2024-12-13,2024-12-14,4,118.49,False,CUST00057
BK000376,Grand Hotel,Chicago,Executive,2024-01-19,2024-01-30,2024-02-05,3,553.0,True,CUST00239
BK000377,City Center Inn,Miami,Standard,2024-05-24,2024-05-27,2024-05-31,4,700.91,True,CUST00195
BK000378,Beach Paradise,New York,Deluxe,2024-03-09,2024-04-06,2024-04-12,1,125.13,True,CUST00229
BK000379,Ocean View Resort,Los Angeles,Deluxe,2024-09-29,2024-10-16,2024-10-23,2,437.5,True,CUST00241
BK000380,Beach Paradise,Los Angeles,Standard,2024-05-19,2024-06-05,2024-06-10,4,727.86,False,CUST00233
BK000381,Grand Hotel,Chicago,Deluxe,2024-08-31,2024-09-24,2024-09-30,3,650.69,True,CUST00158
BK000382,City Center Inn,Miami,Standard,2024-07-23,2024-08-08,2024-08-15,3,517.74,True,CUST00477
BK000383,City Center Inn,Chicago,Executive,2024-07-30,2024-08-26,2024-08-28,1,771.78,False,CUST00188
BK000384,Beach Paradise,Seattle,Deluxe,2024-06-12,2024-06-26,2024-06-27,1,768.52,True,CUST00105
BK000385,Grand Hotel,Los Angeles,Deluxe,2024-01-11,2024-02-04,2024-02-08,2,563.71,False,CUST00055
BK000386,Ocean View Resort,Los Angeles,Deluxe,2024-06-25,2024-07-21,2024-07-28,4,334.22,False,CUST00247
BK000387,Grand Hotel,Seattle,Executive,2024-09-11,2024-09-15,2024-09-22,4,399.17,True,CUST00334
BK000388,Mountain Lodge,New York,Standard,2024-09-02,2024-09-09,2024-09-12,4,417.11,True,CUST00210
BK000389,City Center Inn,Seattle,Executive,2024-12-09,2024-12-11,2024-12-14,2,862.73,False,CUST00204
BK000390,City Center Inn,New York,Executive,2024-08-08,2024-08-20,2024-08-23,1,354.57,False,CUST00001
BK000391,Ocean View Resort,Miami,Suite,2024-11-14,2024-11-29,2024-12-02,1,527.33,False,CUST00071
BK000392,Mountain Lodge,Miami,Standard,2024-12-03,2024-12-27,2024-12-30,1,999.53,False,CUST00271
BK000393,Grand Hotel,New York,Deluxe,2024-10-23,2024-10-30,2024-11-03,4,820.09,True,CUST00096
BK000394,City Center Inn,Los Angeles,Deluxe,2024-04-04,2024-04-20,2024-04-26,3,116.1,False,CUST00011
BK000395,Grand Hotel,Los Angeles,Executive,2024-04-27,2024-05-07,2024-05-08,2,842.96,False,CUST00003
BK000396,City Center Inn,Seattle,Executive,2024-10-06,2024-11-04,2024-11-10,2,354.14,False,CUST00243
BK000397,Ocean View Resort,Miami,Deluxe,2024-03-11,2024-03-23,2024-03-29,4,321.97,False,CUST00262
BK000398,Mountain Lodge,Chicago,Executive,2024-11-28,2024-12-25,2024-12-26,2,185.58,False,CUST00400
BK000399,Ocean View Resort,Miami,Standard,2024-09-08,2024-10-02,2024-10-07,3,638.57,True,CUST00485
BK000400,Beach Paradise,Los Angeles,Suite,2024-02-12,2024-02-21,2024-02-27,2,397.98,True,CUST00066
BK000401,Beach Paradise,Miami,Executive,2024-11-04,2024-11-14,2024-11-15,3,624.61,True,CUST00208
BK000402,City Center Inn,Seattle,Suite,2024-09-28,2024-10-10,2024-10-12,3,229.34,True,CUST00342
BK000403,Mountain Lodge,Chicago,Deluxe,2024-12-21,2024-12-24,2024-12-31,3,947.47,False,CUST00182
BK000404,Ocean View Resort,New York,Standard,2024-05-04,2024-05-30,2024-06-06,1,834.11,False,CUST00109
BK000405,Grand Hotel,Miami,Suite,2024-06-29,2024-07-17,2024-07-23,4,312.36,True,CUST00217
BK000406,Ocean View Resort,Seattle,Suite,2024-02-07,2024-02-12,2024-02-19,3,968.51,True,CUST00166
BK000407,Mountain Lodge,Miami,Executive,2024-05-06,2024-05-28,2024-05-31,2,483.17,True,CUST00126
BK000408,Mountain Lodge,Chicago,Deluxe,2024-04-16,2024-04-28,2024-05-02,1,896.82,True,CUST00486
BK000409,City Center Inn,New York,Suite,2024-07-27,2024-08-15,2024-08-17,2,764.47,True,CUST00017
BK000410,Beach Paradise,Chicago,Executive,2024-08-24,2024-09-19,2024-09-25,2,883.45,False,CUST00366
BK000411,Ocean View Resort,Miami,Suite,2024-03-03,2024-03-22,2024-03-29,3,833.99,True,CUST00020
BK000412,City Center Inn,Chicago,Executive,2024-11-24,2024-12-10,2024-12-15,2,905.23,True,CUST00089
BK000413,Grand Hotel,New York,Standard,2024-02-17,2024-02-18,2024-02-24,4,888.15,True,CUST00121
BK000414,Ocean View Resort,Seattle,Executive,2024-02-07,2024-02-08,2024-02-13,2,142.08,False,CUST00348
BK000415,City Center Inn,Miami,Standard,2024-12-20,2025-01-11,2025-01-12,3,387.4,False,CUST00120
BK000416,Mountain Lodge,New York,Executive,2024-07-28,2024-08-12,2024-08-14,2,718.14,False,CUST00445
BK000417,Grand Hotel,Seattle,Suite,2024-09-05,2024-09-09,2024-09-14,1,308.91,True,CUST00073
BK000418,Grand Hotel,New York,Deluxe,2024-06-12,2024-06-16,2024-06-21,2,254.99,True,CUST00086
BK000419,Mountain Lodge,Miami,Suite,2024-03-29,2024-04-04,2024-04-07,4,315.94,False,CUST00327
BK000420,Grand Hotel,New York,Suite,2024-10-24,2024-11-18,2024-11-20,2,230.64,False,CUST00121
BK000421,Beach Paradise,Miami,Executive,2024-02-03,2024-02-27,2024-02-29,4,622.62,False,CUST00336
BK000422,Mountain Lodge,Seattle,Standard,2024-07-19,2024-08-08,2024-08-14,4,273.53,True,CUST00097
BK000423,Ocean View Resort,Chicago,Standard,2024-12-26,2025-01-18,2025-01-25,1,903.61,False,CUST00030
BK000424,Ocean View Resort,Los Angeles,Suite,2024-03-19,2024-03-22,2024-03-29,4,406.38,True,CUST00014
BK000425,Grand Hotel,Seattle,Executive,2024-06-15,2024-07-13,2024-07-15,2,689.88,True,CUST00416
BK000426,City Center Inn,New York,Suite,2024-09-26,2024-10-04,2024-10-11,4,274.63,True,CUST00080
BK000427,Ocean View Resort,Miami,Standard,2024-03-18,2024-03-30,2024-04-05,4,586.8,False,CUST00078
BK000428,Mountain Lodge,Los Angeles,Standard,2024-07-16,2024-08-12,2024-08-17,1,620.48,True,CUST00393
BK000429,Grand Hotel,New York,Suite,2024-11-02,2024-11-25,2024-11-28,4,990.3,True,CUST00007
BK000430,Mountain Lodge,Chicago,Deluxe,2024-12-25,2025-01-18,2025-01-24,3,753.75,False,CUST00051
BK000431,Beach Paradise,Chicago,Executive,2024-03-03,2024-03-22,2024-03-24,2,620.42,True,CUST00346
BK000432,Beach Paradise,Seattle,Deluxe,2024-02-20,2024-02-21,2024-02-26,4,796.01,True,CUST00322
BK000433,Grand Hotel,Seattle,Deluxe,2024-04-04,2024-04-06,2024-04-13,3,899.11,True,CUST00221
BK000434,Ocean View Resort,Seattle,Deluxe,2024-02-13,2024-02-20,2024-02-23,4,360.04,True,CUST00026
BK000435,Mountain Lodge,Los Angeles,Executive,2024-01-25,2024-02-13,2024-02-15,1,910.74,False,CUST00321
BK000436,Beach Paradise,Los Angeles,Deluxe,2024-10-11,2024-11-02,2024-11-04,4,509.07,True,CUST00027
BK000437,Grand Hotel,Chicago,Executive,2024-03-21,2024-04-12,2024-04-15,2,903.48,False,CUST00162
BK000438,City Center Inn,New York,Standard,2024-05-31,2024-06-03,2024-06-05,1,783.43,False,CUST00475
BK000439,City Center Inn,Chicago,Deluxe,2024-07-25,2024-08-10,2024-08-12,4,380.72,False,CUST00410
BK000440,Beach Paradise,Seattle,Suite,2024-07-18,2024-07-22,2024-07-29,3,863.38,False,CUST00347
BK000441,Grand Hotel,New York,Executive,2024-03-29,2024-04-23,2024-04-25,3,272.96,False,CUST00434
BK000442,Grand Hotel,Los Angeles,Suite,2024-02-04,2024-02-16,2024-02-21,2,153.65,True,CUST00154
BK000443,Beach Paradise,Los Angeles,Standard,2024-07-05,2024-07-08,2024-07-14,4,614.0,False,CUST00217
BK000444,Grand Hotel,Los Angeles,Executive,2024-08-24,2024-09-11,2024-09-12,1,884.02,True,CUST00386
BK000445,Grand Hotel,Chicago,Executive,2024-01-26,2024-02-23,2024-02-25,2,126.32,False,CUST00404
BK000446,Beach Paradise,Los Angeles,Standard,2024-11-02,2024-11-27,2024-12-01,2,345.89,True,CUST00058
BK000447,City Center Inn,Chicago,Suite,2024-06-09,2024-07-07,2024-07-14,1,837.81,True,CUST00439
BK000448,Beach Paradise,Seattle,Executive,2024-02-16,2024-03-08,2024-03-11,4,848.97,True,CUST00009
BK000449,Grand Hotel,Miami,Deluxe,2024-06-25,2024-06-28,2024-07-01,4,660.97,False,CUST00323
BK000450,Mountain Lodge,Chicago,Standard,2024-04-28,2024-05-12,2024-05-18,2,538.58,False,CUST00282
BK000451,City Center Inn,Los Angeles,Standard,2024-11-19,2024-12-16,2024-12-19,3,797.77,False,CUST00205
BK000452,Mountain Lodge,Los Angeles,Suite,2024-12-06,2025-01-01,2025-01-06,1,387.69,False,CUST00467
BK000453,Ocean View Resort,Seattle,Suite,2024-06-22,2024-07-07,2024-07-11,1,968.45,True,CUST00349
BK000454,Mountain Lodge,New York,Suite,2024-09-08,2024-09-21,2024-09-24,3,588.02,False,CUST00313
BK000455,Ocean View Resort,Seattle,Deluxe,2024-09-25,2024-09-26,2024-09-29,1,204.94,False,CUST00036
BK000456,Grand Hotel,Seattle,Executive,2024-12-23,2025-01-21,2025-01-27,1,684.58,True,CUST00147
BK000457,Beach Paradise,Chicago,Executive,2024-08-09,2024-08-21,2024-08-24,2,376.12,True,CUST00040
BK000458,Beach Paradise,Seattle,Standard,2024-07-22,2024-08-21,2024-08-23,3,787.04,False,CUST00010
BK000459,City Center Inn,Miami,Suite,2024-03-02,2024-03-19,2024-03-26,2,500.55,True,CUST00424
BK000460,Grand Hotel,Miami,Executive,2024-08-20,2024-08-23,2024-08-27,4,517.68,False,CUST00099
BK000461,Mountain Lodge,Chicago,Suite,2024-09-16,2024-10-03,2024-10-09,1,901.01,True,CUST00364
BK000462,Beach Paradise,Miami,Suite,2024-07-12,2024-08-01,2024-08-03,3,478.68,False,CUST00276
BK000463,Grand Hotel,Seattle,Executive,2024-04-14,2024-05-10,2024-05-13,1,385.38,True,CUST00021
BK000464,Mountain Lodge,Chicago,Suite,2024-09-18,2024-10-03,2024-10-10,3,528.77,False,CUST00322
BK000465,Beach Paradise,Seattle,Suite,2024-09-30,2024-10-18,2024-10-20,3,886.87,False,CUST00451
BK000466,Ocean View Resort,Chicago,Standard,2024-03-22,2024-04-18,2024-04-22,3,930.24,True,CUST00203
BK000467,Ocean View Resort,Seattle,Executive,2024-01-22,2024-01-29,2024-01-30,1,327.36,False,CUST00193
BK000468,Beach Paradise,Chicago,Executive,2024-12-23,2025-01-08,2025-01-10,3,117.35,False,CUST00349
BK000469,Beach Paradise,Seattle,Standard,2024-05-12,2024-06-09,2024-06-14,3,590.87,False,CUST00432
BK000470,Grand Hotel,Miami,Deluxe,2024-03-17,2024-03-27,2024-04-03,1,602.9,True,CUST00484
BK000471,Grand Hotel,Seattle,Standard,2024-09-19,2024-10-09,2024-10-16,4,128.71,False,CUST00118
BK000472,Grand Hotel,New York,Executive,2024-06-20,2024-07-07,2024-07-09,1,297.7,True,CUST00322
BK000473,City Center Inn,Chicago,Executive,2024-08-17,2024-08-26,2024-08-28,1,736.03,False,CUST00176
BK000474,City Center Inn,New York,Deluxe,2024-01-27,2024-02-08,2024-02-15,2,810.73,False,CUST00297
BK000475,Grand Hotel,Seattle,Deluxe,2024-11-24,2024-12-07,2024-12-10,4,243.08,True,CUST00350
BK000476,City Center Inn,New York,Suite,2024-02-16,2024-03-12,2024-03-19,2,974.93,True,CUST00034
BK000477,Mountain Lodge,Miami,Suite,2024-07-04,2024-07-30,2024-08-04,3,542.99,False,CUST00038
BK000478,City Center Inn,Los Angeles,Standard,2024-11-13,2024-11-29,2024-12-06,3,404.67,True,CUST00148
BK000479,Grand Hotel,Los Angeles,Executive,2024-09-02,2024-09-21,2024-09-22,2,809.17,True,CUST00271
BK000480,Grand Hotel,Seattle,Deluxe,2024-01-15,2024-01-20,2024-01-23,4,902.31,False,CUST00331
BK000481,Grand Hotel,Chicago,Standard,2024-10-14,2024-11-09,2024-11-12,1,823.29,False,CUST00008
BK000482,Ocean View Resort,Chicago,Executive,2024-07-04,2024-07-29,2024-08-04,4,282.22,False,CUST00207
BK000483,Beach Paradise,Chicago,Standard,2024-08-09,2024-08-20,2024-08-23,3,299.33,True,CUST00489
BK000484,City Center Inn,Miami,Standard,2024-07-05,2024-07-26,2024-07-31,4,983.83,False,CUST00079
BK000485,Mountain Lodge,New York,Suite,2024-08-16,2024-09-14,2024-09-17,3,547.8,False,CUST00408
BK000486,Mountain Lodge,Los Angeles,Deluxe,2024-05-07,2024-05-25,2024-05-31,1,730.79,False,CUST00157
BK000487,Beach Paradise,Los Angeles,Suite,2024-04-05,2024-04-25,2024-05-01,2,949.62,True,CUST00137
BK000488,City Center Inn,Miami,Deluxe,2024-03-16,2024-03-25,2024-03-28,1,200.61,False,CUST00033
BK000489,City Center Inn,New York,Deluxe,2024-09-25,2024-10-18,2024-10-23,3,103.74,True,CUST00141
BK000490,Beach Paradise,Chicago,Standard,2024-12-31,2025-01-05,2025-01-09,3,484.6,False,CUST00435
BK000491,Grand Hotel,Chicago,Suite,2024-10-25,2024-11-11,2024-11-16,2,733.83,False,CUST00028
BK000492,Mountain Lodge,Miami,Deluxe,2024-11-15,2024-12-14,2024-12-21,1,370.16,False,CUST00418
BK000493,Beach Paradise,New York,Standard,2024-07-20,2024-08-01,2024-08-08,2,886.65,False,CUST00255
BK000494,Beach Paradise,Chicago,Deluxe,2024-09-16,2024-09-28,2024-09-30,3,882.56,True,CUST00151
BK000495,Ocean View Resort,Los Angeles,Executive,2024-04-09,2024-04-26,2024-04-29,1,817.02,True,CUST00058
BK000496,Beach Paradise,Los Angeles,Executive,2024-06-06,2024-06-15,2024-06-17,2,515.88,True,CUST00128
BK000497,Beach Paradise,Seattle,Deluxe,2024-03-23,2024-04-07,2024-04-08,3,374.95,False,CUST00421
BK000498,City Center Inn,Chicago,Executive,2024-02-05,2024-02-18,2024-02-20,4,510.52,False,CUST00478
BK000499,City Center Inn,Los Angeles,Deluxe,2024-07-27,2024-08-07,2024-08-08,4,864.6,True,CUST00157
BK000500,City Center Inn,Miami,Executive,2024-05-07,2024-05-17,2024-05-21,2,396.41,False,CUST00104
BK000501,City Center Inn,Miami,Executive,2024-09-21,2024-10-18,2024-10-23,2,148.69,True,CUST00055
BK000502,Beach Paradise,Miami,Executive,2024-01-14,2024-02-03,2024-02-04,3,146.84,False,CUST00162
BK000503,Ocean View Resort,Chicago,Deluxe,2024-08-10,2024-09-03,2024-09-09,1,759.89,True,CUST00214
BK000504,City Center Inn,Chicago,Standard,2024-06-28,2024-07-14,2024-07-21,2,117.16,True,CUST00140
BK000505,City Center Inn,Miami,Suite,2024-03-13,2024-03-18,2024-03-21,3,657.17,True,CUST00044
BK000506,Beach Paradise,New York,Standard,2024-06-18,2024-06-19,2024-06-25,1,264.76,False,CUST00324
BK000507,Mountain Lodge,Seattle,Standard,2024-01-21,2024-02-01,2024-02-04,1,313.92,True,CUST00031
BK000508,Grand Hotel,Los Angeles,Suite,2024-12-15,2024-12-24,2024-12-27,1,524.47,False,CUST00382
BK000509,Mountain Lodge,Seattle,Standard,2024-02-14,2024-03-14,2024-03-20,1,374.04,True,CUST00351
BK000510,City Center Inn,New York,Suite,2024-11-13,2024-12-13,2024-12-20,2,255.45,True,CUST00309
BK000511,Mountain Lodge,Chicago,Executive,2024-03-04,2024-03-27,2024-04-03,2,718.54,False,CUST00202
BK000512,Ocean View Resort,Chicago,Suite,2024-10-09,2024-10-25,2024-11-01,3,471.1,False,CUST00366
BK000513,Beach Paradise,Miami,Deluxe,2024-06-06,2024-07-05,2024-07-11,4,418.71,True,CUST00256
BK000514,Grand Hotel,New York,Standard,2024-08-12,2024-08-31,2024-09-07,1,921.49,True,CUST00240
BK000515,City Center Inn,Miami,Standard,2024-12-26,2025-01-21,2025-01-24,2,715.82,False,CUST00311
BK000516,Ocean View Resort,Los Angeles,Deluxe,2024-03-26,2024-04-25,2024-04-28,2,996.15,True,CUST00488
BK000517,City Center Inn,Los Angeles,Executive,2024-11-09,2024-11-23,2024-11-28,3,455.91,False,CUST00416
BK000518,Beach Paradise,Miami,Suite,2024-04-20,2024-05-02,2024-05-04,4,844.48,True,CUST00224
BK000519,Ocean View Resort,Seattle,Executive,2024-11-21,2024-12-12,2024-12-18,2,463.68,True,CUST00039
BK000520,Mountain Lodge,Chicago,Suite,2024-12-11,2024-12-27,2024-12-31,3,616.47,False,CUST00435
BK000521,Mountain Lodge,Chicago,Suite,2024-10-03,2024-10-22,2024-10-27,4,214.23,False,CUST00338
BK000522,Grand Hotel,Chicago,Suite,2024-07-29,2024-08-13,2024-08-20,2,951.81,False,CUST00487
BK000523,Mountain Lodge,Miami,Executive,2024-09-15,2024-10-10,2024-10-12,3,808.77,True,CUST00394
BK000524,Beach Paradise,Miami,Standard,2024-08-12,2024-08-22,2024-08-29,2,429.95,True,CUST00376
BK000525,Beach Paradise,Los Angeles,Executive,2024-03-06,2024-04-03,2024-04-08,4,520.49,False,CUST00376
BK000526,Grand Hotel,Los Angeles,Executive,2024-02-19,2024-03-13,2024-03-14,1,246.59,True,CUST00031
BK000527,City Center Inn,Seattle,Standard,2024-11-13,2024-11-30,2024-12-05,1,670.83,False,CUST00415
BK000528,Ocean View Resort,Miami,Deluxe,2024-02-08,2024-02-15,2024-02-20,2,231.15,False,CUST00168
BK000529,Beach Paradise,Miami,Executive,2024-02-27,2024-03-17,2024-03-23,3,798.48,True,CUST00140
BK000530,Beach Paradise,Los Angeles,Executive,2024-03-29,2024-03-30,2024-04-06,4,789.84,True,CUST00376
BK000531,Grand Hotel,Chicago,Standard,2024-02-07,2024-02-14,2024-02-19,3,278.9,True,CUST00106
BK000532,Mountain Lodge,Los Angeles,Suite,2024-12-03,2024-12-10,2024-12-14,4,711.77,True,CUST00278
BK000533,Mountain Lodge,Seattle,Suite,2024-05-25,2024-06-23,2024-06-30,2,356.71,True,CUST00416
BK000534,Grand Hotel,Los Angeles,Suite,2024-08-11,2024-08-21,2024-08-26,3,309.71,True,CUST00122
BK000535,City Center Inn,New York,Deluxe,2024-05-05,2024-05-26,2024-05-31,2,728.75,False,CUST00470
BK000536,Mountain Lodge,Seattle,Suite,2024-08-06,2024-08-08,2024-08-15,2,670.36,True,CUST00283
BK000537,Grand Hotel,Seattle,Suite,2024-03-11,2024-03-20,2024-03-23,3,191.72,False,CUST00055
BK000538,Mountain Lodge,New York,Executive,2024-04-28,2024-05-08,2024-05-10,2,287.85,True,CUST00461
BK000539,Mountain Lodge,Seattle,Standard,2024-09-06,2024-09-24,2024-09-26,2,830.42,True,CUST00472
BK000540,Mountain Lodge,Miami,Deluxe,2024-04-15,2024-04-18,2024-04-23,2,763.32,True,CUST00485
BK000541,Beach Paradise,Los Angeles,Deluxe,2024-05-10,2024-06-05,2024-06-09,2,211.52,True,CUST00374
BK000542,Grand Hotel,New York,Executive,2024-11-24,2024-12-11,2024-12-15,3,375.84,False,CUST00041
BK000543,Grand Hotel,Chicago,Suite,2024-02-19,2024-03-12,2024-03-16,4,637.54,False,CUST00260
BK000544,City Center Inn,New York,Executive,2024-02-09,2024-02-14,2024-02-15,2,315.05,True,CUST00387
BK000545,Beach Paradise,Miami,Standard,2024-06-06,2024-06-16,2024-06-18,2,283.46,False,CUST00010
BK000546,Ocean View Resort,Los Angeles,Deluxe,2024-02-24,2024-03-21,2024-03-28,4,398.09,False,CUST00124
BK000547,City Center Inn,Miami,Suite,2024-07-21,2024-08-01,2024-08-02,1,380.07,False,CUST00010
BK000548,Ocean View Resort,Chicago,Suite,2024-03-15,2024-04-14,2024-04-19,3,638.9,False,CUST00124
BK000549,Ocean View Resort,Los Angeles,Deluxe,2024-09-14,2024-09-17,2024-09-23,3,512.07,True,CUST00449
BK000550,Ocean View Resort,New York,Executive,2024-10-30,2024-11-05,2024-11-12,1,307.25,True,CUST00146
BK000551,Mountain Lodge,Chicago,Suite,2024-11-15,2024-11-25,2024-11-26,4,462.26,True,CUST00344
BK000552,City Center Inn,Los Angeles,Executive,2024-05-21,2024-05-27,2024-05-31,4,547.56,False,CUST00401
BK000553,Grand Hotel,Chicago,Deluxe,2024-09-22,2024-10-18,2024-10-25,2,714.53,False,CUST00108
BK000554,Grand Hotel,Miami,Executive,2024-05-03,2024-05-04,2024-05-07,2,326.6,True,CUST00281
BK000555,Grand Hotel,New York,Deluxe,2024-05-19,2024-06-08,2024-06-15,2,441.29,False,CUST00224
BK000556,Ocean View Resort,New York,Executive,2024-01-20,2024-01-27,2024-02-01,4,741.41,True,CUST00428
BK000557,Mountain Lodge,Chicago,Executive,2024-08-14,2024-08-28,2024-08-29,2,372.07,False,CUST00161
BK000558,Mountain Lodge,Los Angeles,Standard,2024-12-01,2024-12-25,2025-01-01,4,394.31,True,CUST00151
BK000559,Ocean View Resort,Chicago,Standard,2024-07-15,2024-08-12,2024-08-17,1,413.11,True,CUST00015
BK000560,Ocean View Resort,Seattle,Executive,2024-03-28,2024-04-14,2024-04-17,2,296.84,False,CUST00051
BK000561,Grand Hotel,Seattle,Executive,2024-04-14,2024-04-17,2024-04-19,2,429.74,False,CUST00376
BK000562,Ocean View Resort,Seattle,Standard,2024-03-25,2024-04-06,2024-04-12,4,586.51,False,CUST00290
BK000563,Mountain Lodge,Seattle,Standard,2024-11-12,2024-11-28,2024-11-30,4,799.58,True,CUST00165
BK000564,Ocean View Resort,Miami,Suite,2024-08-22,2024-08-26,2024-08-31,4,255.06,True,CUST00454
BK000565,Mountain Lodge,Los Angeles,Executive,2024-02-11,2024-03-08,2024-03-15,4,317.22,False,CUST00473
BK000566,Mountain Lodge,Chicago,Executive,2024-12-20,2025-01-15,2025-01-17,2,586.42,False,CUST00045
BK000567,City Center Inn,Chicago,Standard,2024-03-16,2024-03-19,2024-03-25,2,842.11,True,CUST00157
BK000568,Ocean View Resort,Los Angeles,Deluxe,2024-03-19,2024-04-17,2024-04-22,1,341.13,False,CUST00219
BK000569,Mountain Lodge,New York,Standard,2024-11-03,2024-11-19,2024-11-22,3,259.85,True,CUST00161
BK000570,Grand Hotel,Los Angeles,Executive,2024-08-18,2024-09-04,2024-09-08,2,195.16,True,CUST00021
BK000571,Ocean View Resort,Seattle,Deluxe,2024-06-04,2024-06-22,2024-06-25,2,534.41,False,CUST00205
BK000572,Beach Paradise,Seattle,Suite,2024-10-26,2024-11-14,2024-11-17,4,562.64,True,CUST00187
BK000573,Grand Hotel,Los Angeles,Executive,2024-11-08,2024-12-06,2024-12-07,3,494.85,False,CUST00115
BK000574,Ocean View Resort,New York,Executive,2024-08-26,2024-09-12,2024-09-19,3,981.95,True,CUST00329
BK000575,Ocean View Resort,New York,Suite,2024-06-03,2024-07-03,2024-07-05,2,770.65,True,CUST00387
BK000576,Ocean View Resort,New York,Executive,2024-03-12,2024-03-19,2024-03-24,3,428.89,True,CUST00245
BK000577,Beach Paradise,Chicago,Suite,2024-03-18,2024-04-08,2024-04-15,3,983.77,False,CUST00063
BK000578,Grand Hotel,Los Angeles,Executive,2024-04-15,2024-04-26,2024-04-29,2,477.46,True,CUST00314
BK000579,City Center Inn,New York,Suite,2024-03-24,2024-04-23,2024-04-27,4,637.33,True,CUST00049
BK000580,Beach Paradise,Los Angeles,Executive,2024-05-05,2024-05-25,2024-06-01,3,702.7,False,CUST00181
BK000581,Beach Paradise,New York,Standard,2024-08-09,2024-08-14,2024-08-16,3,194.56,False,CUST00018
BK000582,City Center Inn,Seattle,Executive,2024-09-29,2024-10-13,2024-10-15,2,164.65,True,CUST00452
BK000583,Grand Hotel,Seattle,Suite,2024-01-10,2024-01-14,2024-01-17,2,354.38,False,CUST00484
BK000584,Grand Hotel,Los Angeles,Deluxe,2024-03-28,2024-04-17,2024-04-24,1,929.3,True,CUST00467
BK000585,Mountain Lodge,Miami,Standard,2024-04-13,2024-04-21,2024-04-27,1,322.16,False,CUST00013
BK000586,Beach Paradise,Chicago,Suite,2024-03-29,2024-04-11,2024-04-15,3,853.9,False,CUST00460
BK000587,City Center Inn,Chicago,Suite,2024-09-08,2024-09-30,2024-10-07,3,559.39,True,CUST00041
BK000588,Mountain Lodge,Seattle,Standard,2024-02-13,2024-02-24,2024-03-02,4,691.84,False,CUST00008
BK000589,Mountain Lodge,Chicago,Suite,2024-12-03,2024-12-27,2024-12-30,4,786.86,True,CUST00245
BK000590,Beach Paradise,Chicago,Executive,2024-12-17,2024-12-23,2024-12-29,3,314.43,False,CUST00017
BK000591,Mountain Lodge,Chicago,Deluxe,2024-07-12,2024-07-20,2024-07-25,1,575.75,True,CUST00124
BK000592,Grand Hotel,New York,Deluxe,2024-06-11,2024-07-05,2024-07-06,2,349.91,False,CUST00449
BK000593,Mountain Lodge,Los Angeles,Standard,2024-09-30,2024-10-12,2024-10-15,3,961.64,False,CUST00154
BK000594,Grand Hotel,Seattle,Standard,2024-05-13,2024-06-02,2024-06-03,3,215.22,True,CUST00073
BK000595,Grand Hotel,Miami,Executive,2024-07-01,2024-07-25,2024-08-01,3,250.31,True,CUST00196
BK000596,Grand Hotel,Miami,Executive,2024-03-14,2024-04-09,2024-04-16,1,437.49,False,CUST00321
BK000597,Grand Hotel,Los Angeles,Standard,2024-02-14,2024-02-29,2024-03-02,2,214.1,True,CUST00436
BK000598,Grand Hotel,Los Angeles,Suite,2024-01-16,2024-01-27,2024-01-31,2,885.12,True,CUST00279
BK000599,Mountain Lodge,Los Angeles,Suite,2024-01-12,2024-01-22,2024-01-29,3,627.3,True,CUST00390
BK000600,Grand Hotel,New York,Suite,2024-06-22,2024-06-26,2024-07-03,3,527.75,False,CUST00406
BK000601,Beach Paradise,Miami,Standard,2024-05-06,2024-05-08,2024-05-15,2,191.08,False,CUST00431
BK000602,Mountain Lodge,Los Angeles,Executive,2024-01-14,2024-01-20,2024-01-21,4,810.11,True,CUST00396
BK000603,City Center Inn,Seattle,Standard,2024-10-07,2024-10-27,2024-11-01,4,979.4,False,CUST00367
BK000604,Ocean View Resort,Los Angeles,Deluxe,2024-01-13,2024-01-28,2024-01-30,4,932.52,True,CUST00033
BK000605,City Center Inn,Seattle,Executive,2024-12-27,2025-01-19,2025-01-25,3,373.5,True,CUST00065
BK000606,City Center Inn,Chicago,Deluxe,2024-11-16,2024-12-02,2024-12-06,3,803.27,False,CUST00140
BK000607,Grand Hotel,New York,Standard,2024-07-11,2024-07-21,2024-07-26,1,584.13,True,CUST00435
BK000608,Grand Hotel,New York,Deluxe,2024-04-21,2024-05-19,2024-05-23,3,803.65,True,CUST00197
BK000609,Ocean View Resort,New York,Suite,2024-06-03,2024-06-12,2024-06-18,2,816.35,True,CUST00348
BK000610,Mountain Lodge,New York,Executive,2024-06-07,2024-06-16,2024-06-19,1,472.81,True,CUST00447
BK000611,Grand Hotel,Seattle,Executive,2024-11-13,2024-11-20,2024-11-21,1,414.18,True,CUST00216
BK000612,Mountain Lodge,Los Angeles,Suite,2024-07-04,2024-07-20,2024-07-25,4,891.54,True,CUST00411
BK000613,Mountain Lodge,Los Angeles,Deluxe,2024-01-21,2024-02-17,2024-02-20,1,732.81,True,CUST00027
BK000614,Mountain Lodge,New York,Executive,2024-05-30,2024-06-20,2024-06-25,1,261.13,False,CUST00493
BK000615,Mountain Lodge,Miami,Suite,2024-01-29,2024-02-14,2024-02-19,2,129.96,True,CUST00173
BK000616,City Center Inn,Chicago,Suite,2024-03-27,2024-04-04,2024-04-11,2,358.43,False,CUST00408
BK000617,City Center Inn,New York,Deluxe,2024-12-07,2025-01-01,2025-01-07,3,676.37,False,CUST00040
BK000618,Ocean View Resort,Miami,Standard,2024-02-07,2024-02-15,2024-02-17,1,448.53,True,CUST00184
BK000619,Beach Paradise,Los Angeles,Suite,2024-05-03,2024-05-18,2024-05-24,1,986.84,False,CUST00435
BK000620,Grand Hotel,Miami,Suite,2024-09-25,2024-10-17,2024-10-18,3,330.75,True,CUST00056
BK000621,Beach Paradise,New York,Suite,2024-04-16,2024-04-22,2024-04-25,1,670.46,False,CUST00092
BK000622,Mountain Lodge,New York,Standard,2024-05-27,2024-06-16,2024-06-20,4,238.41,False,CUST00264
BK000623,Beach Paradise,Miami,Suite,2024-01-16,2024-01-27,2024-01-28,4,192.55,False,CUST00205
BK000624,City Center Inn,New York,Standard,2024-02-19,2024-02-20,2024-02-21,4,125.58,True,CUST00297
BK000625,City Center Inn,Seattle,Suite,2024-12-02,2024-12-25,2024-12-26,3,239.41,True,CUST00467
BK000626,Ocean View Resort,Chicago,Deluxe,2024-12-23,2025-01-15,2025-01-18,1,183.88,True,CUST00124
BK000627,Beach Paradise,Chicago,Suite,2024-02-15,2024-03-08,2024-03-09,1,155.72,False,CUST00172
BK000628,Mountain Lodge,Los Angeles,Executive,2024-07-26,2024-08-15,2024-08-16,3,690.37,True,CUST00043
BK000629,Mountain Lodge,New York,Executive,2024-01-06,2024-02-04,2024-02-06,2,638.47,True,CUST00200
BK000630,Grand Hotel,Los Angeles,Executive,2024-12-28,2024-12-29,2025-01-05,4,509.49,True,CUST00352
BK000631,City Center Inn,Seattle,Deluxe,2024-02-06,2024-02-14,2024-02-16,2,856.49,True,CUST00295
BK000632,Beach Paradise,Seattle,Deluxe,2024-09-10,2024-10-04,2024-10-09,3,199.51,False,CUST00346
BK000633,Grand Hotel,Miami,Executive,2024-03-23,2024-03-29,2024-04-01,4,501.04,True,CUST00244
BK000634,Beach Paradise,Seattle,Suite,2024-08-09,2024-08-13,2024-08-19,2,922.72,False,CUST00486
BK000635,City Center Inn,New York,Executive,2024-01-05,2024-02-04,2024-02-11,2,406.1,True,CUST00315
BK000636,Ocean View Resort,Seattle,Executive,2024-09-14,2024-10-07,2024-10-13,3,371.66,True,CUST00070
BK000637,City Center Inn,Miami,Deluxe,2024-06-19,2024-06-20,2024-06-21,2,339.12,False,CUST00450
BK000638,Beach Paradise,Los Angeles,Suite,2024-01-27,2024-02-19,2024-02-22,3,443.37,True,CUST00425
BK000639,Beach Paradise,Miami,Executive,2024-11-21,2024-11-29,2024-12-05,3,519.45,False,CUST00049
BK000640,Beach Paradise,Miami,Suite,2024-12-03,2024-12-09,2024-12-11,3,830.62,True,CUST00452
BK000641,City Center Inn,Miami,Suite,2024-10-13,2024-11-12,2024-11-18,1,896.5,False,CUST00234
BK000642,Beach Paradise,New York,Suite,2024-10-05,2024-10-23,2024-10-30,2,879.88,False,CUST00348
BK000643,Beach Paradise,Los Angeles,Standard,2024-12-21,2024-12-22,2024-12-26,4,610.19,True,CUST00484
BK000644,Beach Paradise,Miami,Executive,2024-09-01,2024-09-19,2024-09-25,4,622.05,False,CUST00139
BK000645,Beach Paradise,New York,Deluxe,2024-12-27,2025-01-02,2025-01-09,4,115.38,False,CUST00255
BK000646,Ocean View Resort,Miami,Suite,2024-09-27,2024-10-26,2024-10-29,3,838.5,False,CUST00261
BK000647,Grand Hotel,Los Angeles,Executive,2024-11-12,2024-11-13,2024-11-19,1,995.57,False,CUST00095
BK000648,Mountain Lodge,Miami,Suite,2024-12-05,2024-12-09,2024-12-12,1,352.95,True,CUST00036
BK000649,City Center Inn,Los Angeles,Suite,2024-04-21,2024-05-06,2024-05-11,1,833.86,True,CUST00426
BK000650,Grand Hotel,Miami,Executive,2024-04-10,2024-04-26,2024-05-02,1,409.94,False,CUST00360
BK000651,City Center Inn,Los Angeles,Suite,2024-05-29,2024-06-01,2024-06-02,2,388.17,True,CUST00481
BK000652,Grand Hotel,Seattle,Standard,2024-11-23,2024-12-19,2024-12-20,2,793.93,False,CUST00133
BK000653,Ocean View Resort,New York,Executive,2024-04-03,2024-04-27,2024-04-30,1,425.6,False,CUST00462
BK000654,City Center Inn,New York,Suite,2024-05-18,2024-06-10,2024-06-14,3,533.64,False,CUST00222
BK000655,Mountain Lodge,Los Angeles,Standard,2024-12-27,2025-01-17,2025-01-19,2,986.05,False,CUST00402
BK000656,Mountain Lodge,New York,Deluxe,2024-04-19,2024-04-28,2024-05-05,4,333.19,False,CUST00181
BK000657,Beach Paradise,Seattle,Executive,2024-03-12,2024-04-09,2024-04-16,4,430.6,False,CUST00007
BK000658,Mountain Lodge,Chicago,Deluxe,2024-08-29,2024-08-30,2024-09-06,2,410.87,True,CUST00053
BK000659,Mountain Lodge,Los Angeles,Executive,2024-09-08,2024-10-04,2024-10-06,3,690.86,False,CUST00071
BK000660,Grand Hotel,Miami,Standard,2024-03-20,2024-03-29,2024-04-01,4,902.18,True,CUST00221
BK000661,Beach Paradise,Los Angeles,Suite,2024-09-14,2024-10-13,2024-10-14,4,384.39,False,CUST00105
BK000662,Ocean View Resort,Seattle,Deluxe,2024-08-20,2024-09-09,2024-09-16,4,815.06,True,CUST00474
BK000663,Mountain Lodge,Los Angeles,Deluxe,2024-10-15,2024-11-13,2024-11-19,3,457.63,False,CUST00029
BK000664,Grand Hotel,Chicago,Deluxe,2024-11-06,2024-11-07,2024-11-12,2,168.5,False,CUST00012
BK000665,Beach Paradise,New York,Deluxe,2024-05-13,2024-06-01,2024-06-07,4,782.99,True,CUST00370
BK000666,Ocean View Resort,Chicago,Executive,2024-11-07,2024-11-29,2024-12-02,1,611.54,False,CUST00218
BK000667,City Center Inn,Los Angeles,Suite,2024-06-11,2024-06-18,2024-06-21,4,274.08,True,CUST00017
BK000668,Beach Paradise,Los Angeles,Deluxe,2024-06-21,2024-07-15,2024-07-21,2,193.09,True,CUST00057
BK000669,Mountain Lodge,Miami,Standard,2024-07-30,2024-08-04,2024-08-05,2,902.43,True,CUST00280
BK000670,Beach Paradise,Seattle,Executive,2024-04-10,2024-05-06,2024-05-11,3,928.32,False,CUST00008
BK000671,Mountain Lodge,New York,Standard,2024-10-20,2024-11-09,2024-11-12,3,539.83,True,CUST00225
BK000672,Ocean View Resort,Miami,Suite,2024-10-05,2024-10-10,2024-10-16,2,804.36,False,CUST00197
BK000673,Grand Hotel,Miami,Deluxe,2024-02-01,2024-03-02,2024-03-05,4,488.07,False,CUST00003
BK000674,Ocean View Resort,Miami,Standard,2024-05-01,2024-05-24,2024-05-28,4,387.35,False,CUST00161
BK000675,City Center Inn,Seattle,Executive,2024-10-29,2024-11-11,2024-11-13,4,816.35,True,CUST00018
BK000676,Ocean View Resort,Los Angeles,Suite,2024-12-26,2025-01-17,2025-01-22,1,890.99,True,CUST00009
BK000677,Beach Paradise,Miami,Standard,2024-10-24,2024-11-03,2024-11-10,2,176.09,False,CUST00252
BK000678,City Center Inn,Miami,Executive,2024-11-29,2024-12-16,2024-12-23,4,930.26,False,CUST00266
BK000679,Ocean View Resort,Chicago,Deluxe,2024-12-28,2025-01-10,2025-01-17,2,168.43,True,CUST00489
BK000680,Ocean View Resort,Miami,Standard,2024-07-14,2024-07-25,2024-07-31,3,342.67,False,CUST00146
BK000681,Mountain Lodge,New York,Executive,2024-09-21,2024-10-18,2024-10-24,3,324.97,False,CUST00080
BK000682,Mountain Lodge,New York,Executive,2024-10-10,2024-10-18,2024-10-24,4,734.35,False,CUST00450
BK000683,Beach Paradise,Los Angeles,Executive,2024-05-20,2024-05-28,2024-06-03,1,510.9,False,CUST00331
BK000684,Ocean View Resort,New York,Suite,2024-06-07,2024-06-26,2024-06-28,2,406.2,True,CUST00027
BK000685,Grand Hotel,Los Angeles,Standard,2024-02-14,2024-03-10,2024-03-16,1,860.93,False,CUST00265
BK000686,Mountain Lodge,Chicago,Suite,2024-09-10,2024-09-18,2024-09-25,1,678.89,False,CUST00236
BK000687,Ocean View Resort,Miami,Deluxe,2024-08-18,2024-09-16,2024-09-22,2,786.78,True,CUST00044
BK000688,Beach Paradise,New York,Suite,2024-05-11,2024-05-21,2024-05-28,1,794.48,False,CUST00361
BK000689,Ocean View Resort,Chicago,Executive,2024-11-09,2024-11-27,2024-12-03,2,712.04,True,CUST00452
BK000690,Ocean View Resort,New York,Standard,2024-03-02,2024-03-22,2024-03-25,4,998.73,False,CUST00037
BK000691,City Center Inn,New York,Suite,2024-05-04,2024-05-08,2024-05-15,2,667.41,True,CUST00224
BK000692,Mountain Lodge,New York,Suite,2024-08-05,2024-08-17,2024-08-20,3,179.4,False,CUST00377
BK000693,Mountain Lodge,Miami,Executive,2024-01-29,2024-02-17,2024-02-18,3,642.26,True,CUST00494
BK000694,Mountain Lodge,New York,Deluxe,2024-01-16,2024-02-02,2024-02-03,3,621.47,False,CUST00251
BK000695,Grand Hotel,Chicago,Executive,2024-12-12,2025-01-01,2025-01-06,3,926.64,True,CUST00244
BK000696,Mountain Lodge,New York,Standard,2024-01-07,2024-02-03,2024-02-06,2,844.44,False,CUST00347
BK000697,City Center Inn,New York,Deluxe,2024-11-15,2024-12-05,2024-12-11,2,287.34,False,CUST00140
BK000698,Beach Paradise,Seattle,Standard,2024-09-12,2024-09-13,2024-09-18,4,108.98,False,CUST00432
BK000699,Ocean View Resort,Chicago,Standard,2024-01-02,2024-01-18,2024-01-24,3,154.71,True,CUST00207
BK000700,Beach Paradise,Seattle,Deluxe,2024-04-14,2024-04-16,2024-04-20,4,497.77,True,CUST00496
BK000701,Mountain Lodge,Seattle,Standard,2024-08-30,2024-09-06,2024-09-07,3,167.17,False,CUST00425
BK000702,Grand Hotel,Chicago,Deluxe,2024-04-04,2024-04-21,2024-04-25,2,469.09,True,CUST00152
BK000703,City Center Inn,Seattle,Suite,2024-10-14,2024-11-07,2024-11-11,2,758.59,False,CUST00433
BK000704,Mountain Lodge,Miami,Suite,2024-12-30,2025-01-05,2025-01-10,4,890.79,False,CUST00161
BK000705,Beach Paradise,Los Angeles,Executive,2024-10-17,2024-10-19,2024-10-22,3,694.47,True,CUST00016
BK000706,Grand Hotel,Seattle,Executive,2024-02-20,2024-03-03,2024-03-10,1,434.25,True,CUST00054
BK000707,Ocean View Resort,Seattle,Deluxe,2024-11-28,2024-11-29,2024-12-04,4,170.84,False,CUST00383
BK000708,Ocean View Resort,New York,Executive,2024-01-12,2024-01-20,2024-01-25,2,866.71,False,CUST00290
BK000709,Beach Paradise,Los Angeles,Suite,2024-09-04,2024-09-11,2024-09-17,2,397.77,False,CUST00153
BK000710,Ocean View Resort,Seattle,Suite,2024-08-14,2024-09-03,2024-09-06,4,131.27,False,CUST00023
BK000711,Grand Hotel,Miami,Standard,2024-12-31,2025-01-26,2025-01-27,4,147.59,True,CUST00413
BK000712,City Center Inn,Chicago,Deluxe,2024-01-26,2024-02-15,2024-02-17,1,506.02,True,CUST00308
BK000713,Ocean View Resort,Miami,Deluxe,2024-07-17,2024-08-06,2024-08-13,2,397.81,True,CUST00490
BK000714,City Center Inn,Chicago,Deluxe,2024-11-03,2024-11-05,2024-11-12,4,885.54,False,CUST00472
BK000715,Grand Hotel,New York,Suite,2024-11-09,2024-11-22,2024-11-28,1,833.87,True,CUST00349
BK000716,City Center Inn,Miami,Suite,2024-05-19,2024-06-07,2024-06-09,3,961.86,True,CUST00054
BK000717,Beach Paradise,Seattle,Deluxe,2024-02-10,2024-03-08,2024-03-15,4,537.47,False,CUST00489
BK000718,Mountain Lodge,Los Angeles,Suite,2024-07-09,2024-08-08,2024-08-14,1,553.28,False,CUST00084
BK000719,Grand Hotel,Seattle,Deluxe,2024-08-30,2024-09-03,2024-09-06,1,481.27,False,CUST00236
BK000720,Beach Paradise,Los Angeles,Deluxe,2024-06-04,2024-06-11,2024-06-13,1,407.29,False,CUST00036
BK000721,Beach Paradise,Los Angeles,Suite,2024-01-27,2024-02-05,2024-02-08,1,311.5,False,CUST00473
BK000722,Grand Hotel,Los Angeles,Deluxe,2024-12-19,2025-01-08,2025-01-11,3,971.99,False,CUST00427
BK000723,Ocean View Resort,Los Angeles,Executive,2024-09-19,2024-10-08,2024-10-12,3,421.77,False,CUST00050
BK000724,Mountain Lodge,Chicago,Suite,2024-12-01,2024-12-06,2024-12-10,4,867.36,False,CUST00157
BK000725,Grand Hotel,Los Angeles,Executive,2024-09-27,2024-10-06,2024-10-07,3,352.92,True,CUST00240
BK000726,Ocean View Resort,New York,Suite,2024-09-14,2024-10-08,2024-10-14,3,238.05,False,CUST00051
BK000727,City Center Inn,Miami,Standard,2024-01-10,2024-02-03,2024-02-07,2,662.15,False,CUST00411
BK000728,Ocean View Resort,Chicago,Deluxe,2024-04-13,2024-04-18,2024-04-22,4,886.76,False,CUST00077
BK000729,Grand Hotel,Chicago,Suite,2024-10-15,2024-10-21,2024-10-27,4,929.83,False,CUST00408
BK000730,Ocean View Resort,Miami,Executive,2024-10-11,2024-10-18,2024-10-23,2,992.91,False,CUST00072
BK000731,Grand Hotel,New York,Suite,2024-04-11,2024-04-28,2024-05-03,3,497.06,True,CUST00101
BK000732,Ocean View Resort,Seattle,Standard,2024-06-24,2024-07-11,2024-07-15,1,227.04,True,CUST00365
BK000733,Grand Hotel,Los Angeles,Deluxe,2024-12-23,2024-12-27,2025-01-03,2,695.72,True,CUST00346
BK000734,Ocean View Resort,Seattle,Deluxe,2024-12-25,2025-01-14,2025-01-15,2,172.63,True,CUST00221
BK000735,Grand Hotel,Seattle,Deluxe,2024-08-26,2024-09-07,2024-09-08,2,674.82,False,CUST00301
BK000736,City Center Inn,Los Angeles,Suite,2024-05-22,2024-06-21,2024-06-25,4,799.4,True,CUST00345
BK000737,City Center Inn,Los Angeles,Deluxe,2024-09-25,2024-10-23,2024-10-25,2,338.59,False,CUST00019
BK000738,Grand Hotel,Chicago,Executive,2024-02-03,2024-02-08,2024-02-14,2,890.71,True,CUST00023
BK000739,Mountain Lodge,Seattle,Deluxe,2024-10-16,2024-10-18,2024-10-23,3,231.54,False,CUST00407
BK000740,Grand Hotel,Los Angeles,Suite,2024-03-28,2024-04-04,2024-04-09,3,557.55,True,CUST00363
BK000741,Mountain Lodge,New York,Suite,2024-01-31,2024-02-22,2024-02-27,3,771.84,True,CUST00173
BK000742,Mountain Lodge,Seattle,Executive,2024-03-12,2024-04-04,2024-04-11,1,188.06,True,CUST00275
BK000743,Mountain Lodge,Miami,Deluxe,2024-07-19,2024-08-12,2024-08-18,2,322.55,False,CUST00186
BK000744,Ocean View Resort,New York,Executive,2024-02-25,2024-03-13,2024-03-18,1,108.38,True,CUST00354
BK000745,Mountain Lodge,Chicago,Suite,2024-10-02,2024-10-16,2024-10-19,3,559.92,True,CUST00240
BK000746,Mountain Lodge,Miami,Standard,2024-05-18,2024-06-02,2024-06-07,3,532.29,False,CUST00150
BK000747,Mountain Lodge,Seattle,Standard,2024-02-12,2024-03-01,2024-03-04,3,531.42,True,CUST00265
BK000748,City Center Inn,Seattle,Deluxe,2024-06-01,2024-06-08,2024-06-12,2,543.68,True,CUST00438
BK000749,Mountain Lodge,Seattle,Suite,2024-11-04,2024-11-06,2024-11-08,1,466.75,True,CUST00018
BK000750,Beach Paradise,Los Angeles,Suite,2024-12-19,2025-01-06,2025-01-09,2,579.9,True,CUST00480
BK000751,Grand Hotel,Seattle,Deluxe,2024-02-25,2024-03-08,2024-03-09,3,856.0,False,CUST00376
BK000752,City Center Inn,New York,Suite,2024-02-11,2024-03-12,2024-03-15,4,370.71,False,CUST00096
BK000753,Mountain Lodge,Chicago,Executive,2024-11-21,2024-12-18,2024-12-19,1,784.71,False,CUST00015
BK000754,Beach Paradise,New York,Suite,2024-09-30,2024-10-26,2024-11-01,4,328.77,True,CUST00417
BK000755,Ocean View Resort,Chicago,Executive,2024-03-16,2024-04-02,2024-04-03,2,569.73,True,CUST00441
BK000756,Ocean View Resort,Chicago,Executive,2024-12-18,2025-01-03,2025-01-04,3,914.46,True,CUST00308
BK000757,Beach Paradise,Miami,Executive,2024-02-07,2024-02-19,2024-02-22,1,120.76,False,CUST00066
BK000758,Grand Hotel,Miami,Suite,2024-07-02,2024-07-05,2024-07-09,2,791.64,True,CUST00302
BK000759,City Center Inn,Seattle,Executive,2024-05-19,2024-06-07,2024-06-12,3,565.6,False,CUST00482
BK000760,City Center Inn,Los Angeles,Suite,2024-06-03,2024-06-22,2024-06-25,3,477.36,False,CUST00016
BK000761,City Center Inn,New York,Deluxe,2024-02-09,2024-02-14,2024-02-20,2,475.01,True,CUST00265
BK000762,Ocean View Resort,New York,Executive,2024-07-05,2024-07-31,2024-08-04,1,569.55,True,CUST00466
BK000763,Mountain Lodge,Miami,Suite,2024-11-23,2024-11-29,2024-12-05,1,850.86,True,CUST00478
BK000764,Grand Hotel,Miami,Deluxe,2024-07-14,2024-07-30,2024-08-01,2,101.11,False,CUST00031
BK000765,Grand Hotel,New York,Executive,2024-03-15,2024-04-13,2024-04-18,4,363.73,False,CUST00118
BK000766,Beach Paradise,Seattle,Executive,2024-12-12,2025-01-06,2025-01-11,1,368.01,False,CUST00280
BK000767,Grand Hotel,Seattle,Executive,2024-02-06,2024-02-13,2024-02-16,3,451.06,True,CUST00298
BK000768,Beach Paradise,Miami,Executive,2024-01-07,2024-01-27,2024-01-29,2,916.93,True,CUST00113
BK000769,Grand Hotel,Chicago,Executive,2024-03-05,2024-03-14,2024-03-15,4,170.59,False,CUST00189
BK000770,Ocean View Resort,Chicago,Deluxe,2024-04-18,2024-04-27,2024-05-02,2,787.72,True,CUST00415
BK000771,Mountain Lodge,Los Angeles,Deluxe,2024-02-02,2024-02-18,2024-02-23,2,761.64,True,CUST00104
BK000772,City Center Inn,New York,Deluxe,2024-09-17,2024-10-14,2024-10-20,1,206.65,True,CUST00303
BK000773,Mountain Lodge,Miami,Standard,2024-09-19,2024-10-10,2024-10-12,3,907.71,True,CUST00243
BK000774,Beach Paradise,Los Angeles,Deluxe,2024-06-13,2024-06-27,2024-07-04,1,110.04,True,CUST00391
BK000775,Ocean View Resort,Los Angeles,Suite,2024-07-22,2024-08-16,2024-08-19,4,924.95,True,CUST00356
BK000776,Beach Paradise,Miami,Standard,2024-10-02,2024-10-24,2024-10-30,4,950.0,True,CUST00064
BK000777,Mountain Lodge,New York,Deluxe,2024-05-31,2024-06-12,2024-06-17,3,551.2,False,CUST00468
BK000778,Grand Hotel,Los Angeles,Deluxe,2024-04-01,2024-04-16,2024-04-22,1,816.58,True,CUST00029
BK000779,Beach Paradise,New York,Suite,2024-03-07,2024-03-27,2024-04-01,1,918.1,False,CUST00374
BK000780,City Center Inn,Seattle,Suite,2024-12-31,2025-01-11,2025-01-13,2,375.91,True,CUST00186
BK000781,Beach Paradise,Chicago,Suite,2024-08-07,2024-08-27,2024-08-29,1,662.4,False,CUST00413
BK000782,City Center Inn,Miami,Standard,2024-01-18,2024-01-21,2024-01-23,4,510.78,False,CUST00453
BK000783,Beach Paradise,Chicago,Deluxe,2024-05-12,2024-05-24,2024-05-29,1,373.95,False,CUST00003
BK000784,Beach Paradise,Miami,Standard,2024-08-07,2024-08-09,2024-08-13,3,444.29,False,CUST00022
BK000785,Grand Hotel,New York,Suite,2024-12-13,2024-12-18,2024-12-21,1,305.58,True,CUST00467
BK000786,Grand Hotel,Seattle,Standard,2024-04-25,2024-05-11,2024-05-15,1,296.8,False,CUST00315
BK000787,Grand Hotel,Miami,Executive,2024-11-14,2024-12-10,2024-12-16,1,507.87,True,CUST00026
BK000788,Ocean View Resort,Miami,Standard,2024-07-15,2024-07-16,2024-07-21,2,113.49,True,CUST00177
BK000789,Ocean View Resort,New York,Suite,2024-04-23,2024-05-11,2024-05-15,4,612.47,False,CUST00027
BK000790,Beach Paradise,Los Angeles,Suite,2024-09-12,2024-09-28,2024-09-30,2,977.9,True,CUST00076
BK000791,Ocean View Resort,Miami,Deluxe,2024-01-22,2024-02-13,2024-02-19,3,172.97,False,CUST00434
BK000792,Mountain Lodge,Miami,Deluxe,2024-10-29,2024-11-23,2024-11-24,3,877.41,False,CUST00162
BK000793,Beach Paradise,Los Angeles,Deluxe,2024-12-07,2024-12-18,2024-12-21,3,913.65,False,CUST00362
BK000794,Beach Paradise,Miami,Standard,2024-12-31,2025-01-24,2025-01-29,3,297.11,True,CUST00338
BK000795,Ocean View Resort,Miami,Deluxe,2024-11-15,2024-11-19,2024-11-26,4,527.9,False,CUST00498
BK000796,Mountain Lodge,Los Angeles,Standard,2024-03-20,2024-03-28,2024-04-02,1,749.66,False,CUST00471
BK000797,Mountain Lodge,Los Angeles,Standard,2024-07-04,2024-07-20,2024-07-23,3,174.85,False,CUST00291
BK000798,Mountain Lodge,Seattle,Standard,2024-08-04,2024-08-11,2024-08-12,1,685.51,True,CUST00036
BK000799,Beach Paradise,Seattle,Standard,2024-02-27,2024-03-08,2024-03-10,3,581.43,True,CUST00290
BK000800,Beach Paradise,Los Angeles,Deluxe,2024-12-04,2024-12-15,2024-12-19,2,657.71,True,CUST00238
BK000801,Ocean View Resort,Miami,Deluxe,2024-11-25,2024-12-03,2024-12-06,4,106.29,True,CUST00041
BK000802,Ocean View Resort,Seattle,Deluxe,2024-10-26,2024-11-01,2024-11-03,2,471.08,True,CUST00328
BK000803,Beach Paradise,Los Angeles,Deluxe,2024-12-20,2025-01-02,2025-01-08,1,957.49,False,CUST00335
BK000804,Beach Paradise,Miami,Executive,2024-07-28,2024-08-26,2024-08-28,4,333.16,False,CUST00354
BK000805,Ocean View Resort,Chicago,Standard,2024-01-21,2024-01-28,2024-02-01,1,984.53,True,CUST00255
BK000806,Mountain Lodge,Miami,Standard,2024-09-08,2024-09-13,2024-09-17,2,476.18,False,CUST00439
BK000807,Grand Hotel,Chicago,Executive,2024-09-29,2024-10-22,2024-10-27,1,557.02,True,CUST00439
BK000808,Mountain Lodge,Los Angeles,Executive,2024-12-13,2025-01-04,2025-01-05,2,554.72,True,CUST00225
BK000809,Beach Paradise,New York,Standard,2024-10-06,2024-10-12,2024-10-13,4,879.36,False,CUST00277
BK000810,Mountain Lodge,New York,Suite,2024-07-04,2024-08-02,2024-08-03,2,414.26,False,CUST00002
BK000811,Grand Hotel,New York,Executive,2024-08-01,2024-08-19,2024-08-26,4,606.74,False,CUST00094
BK000812,Mountain Lodge,Seattle,Deluxe,2024-10-04,2024-10-26,2024-10-30,4,580.84,False,CUST00412
BK000813,Beach Paradise,New York,Suite,2024-12-24,2025-01-01,2025-01-05,3,816.26,True,CUST00486
BK000814,Beach Paradise,Los Angeles,Suite,2024-06-27,2024-07-23,2024-07-24,3,281.47,False,CUST00130
BK000815,Ocean View Resort,Seattle,Executive,2024-05-30,2024-06-21,2024-06-23,3,942.41,True,CUST00089
BK000816,City Center Inn,Los Angeles,Executive,2024-01-22,2024-01-25,2024-01-28,2,132.84,True,CUST00163
BK000817,Mountain Lodge,Chicago,Standard,2024-10-04,2024-10-13,2024-10-16,2,310.6,True,CUST00267
BK000818,Grand Hotel,Chicago,Suite,2024-10-30,2024-11-06,2024-11-07,2,314.36,True,CUST00095
BK000819,Grand Hotel,Los Angeles,Standard,2024-04-28,2024-05-15,2024-05-16,1,566.66,False,CUST00373
BK000820,City Center Inn,Miami,Deluxe,2024-10-30,2024-11-21,2024-11-22,3,860.59,False,CUST00187
BK000821,City Center Inn,New York,Executive,2024-02-11,2024-03-08,2024-03-10,2,937.38,False,CUST00040
BK000822,Grand Hotel,Miami,Executive,2024-12-24,2025-01-10,2025-01-16,1,439.12,False,CUST00489
BK000823,Beach Paradise,Chicago,Executive,2024-01-25,2024-02-08,2024-02-10,1,147.3,True,CUST00141
BK000824,Beach Paradise,Miami,Deluxe,2024-05-31,2024-06-22,2024-06-26,2,659.59,False,CUST00187
BK000825,Mountain Lodge,Seattle,Deluxe,2024-05-18,2024-05-28,2024-06-01,1,538.27,True,CUST00086
BK000826,Ocean View Resort,New York,Standard,2024-01-29,2024-02-18,2024-02-19,2,384.86,True,CUST00271
BK000827,Grand Hotel,Los Angeles,Standard,2024-03-19,2024-03-27,2024-04-01,1,198.85,True,CUST00038
BK000828,City Center Inn,Miami,Deluxe,2024-11-09,2024-11-30,2024-12-04,2,218.26,True,CUST00094
BK000829,City Center Inn,Los Angeles,Deluxe,2024-12-28,2025-01-17,2025-01-19,1,914.58,False,CUST00487
BK000830,Mountain Lodge,Los Angeles,Suite,2024-05-10,2024-05-15,2024-05-21,1,981.87,False,CUST00118
BK000831,Mountain Lodge,Chicago,Deluxe,2024-07-14,2024-07-23,2024-07-26,1,694.69,False,CUST00030
BK000832,Mountain Lodge,Los Angeles,Suite,2024-03-18,2024-04-07,2024-04-08,3,850.01,True,CUST00265
BK000833,Beach Paradise,Seattle,Suite,2024-11-07,2024-11-18,2024-11-22,1,711.12,False,CUST00088
BK000834,Ocean View Resort,Los Angeles,Deluxe,2024-03-17,2024-03-19,2024-03-20,2,208.35,False,CUST00167
BK000835,Beach Paradise,Chicago,Executive,2024-12-22,2025-01-13,2025-01-16,3,190.52,True,CUST00425
BK000836,Ocean View Resort,Los Angeles,Suite,2024-09-08,2024-10-04,2024-10-05,3,258.41,False,CUST00263
BK000837,Beach Paradise,Miami,Executive,2024-02-23,2024-03-24,2024-03-30,2,852.85,False,CUST00303
BK000838,Grand Hotel,Los Angeles,Suite,2024-05-13,2024-05-26,2024-05-30,3,681.6,True,CUST00404
BK000839,City Center Inn,Los Angeles,Suite,2024-07-14,2024-08-11,2024-08-16,2,112.35,True,CUST00449
BK000840,Beach Paradise,New York,Standard,2024-08-27,2024-09-13,2024-09-15,4,140.56,False,CUST00362
BK000841,Ocean View Resort,New York,Suite,2024-08-07,2024-08-26,2024-09-01,2,913.98,True,CUST00356
BK000842,Ocean View Resort,Chicago,Suite,2024-07-09,2024-08-07,2024-08-14,2,858.59,True,CUST00393
BK000843,Ocean View Resort,Los Angeles,Standard,2024-04-25,2024-05-01,2024-05-06,2,768.19,False,CUST00096
BK000844,Grand Hotel,Chicago,Standard,2024-07-08,2024-07-30,2024-08-06,1,461.53,True,CUST00330
BK000845,City Center Inn,Seattle,Deluxe,2024-11-26,2024-12-20,2024-12-27,3,151.52,True,CUST00081
BK000846,Grand Hotel,Los Angeles,Standard,2024-10-07,2024-10-09,2024-10-14,3,325.33,True,CUST00403
BK000847,Beach Paradise,Miami,Deluxe,2024-06-16,2024-07-04,2024-07-11,2,338.34,True,CUST00362
BK000848,Grand Hotel,Chicago,Standard,2024-07-23,2024-07-30,2024-08-04,2,315.95,False,CUST00326
BK000849,City Center Inn,New York,Executive,2024-05-23,2024-06-17,2024-06-23,4,873.05,False,CUST00415
BK000850,Beach Paradise,Seattle,Executive,2024-04-15,2024-04-24,2024-05-01,2,384.92,True,CUST00004
BK000851,Ocean View Resort,Seattle,Deluxe,2024-08-09,2024-08-24,2024-08-31,3,823.57,True,CUST00161
BK000852,Beach Paradise,Seattle,Standard,2024-05-11,2024-05-21,2024-05-26,3,512.56,True,CUST00484
BK000853,Mountain Lodge,New York,Deluxe,2024-09-23,2024-10-04,2024-10-05,2,453.11,False,CUST00255
BK000854,Ocean View Resort,New York,Deluxe,2024-08-22,2024-09-09,2024-09-15,2,707.25,True,CUST00276
BK000855,Mountain Lodge,Seattle,Executive,2024-10-03,2024-10-10,2024-10-12,1,278.66,False,CUST00103
BK000856,Grand Hotel,Los Angeles,Standard,2024-12-12,2025-01-01,2025-01-08,2,595.47,True,CUST00376
BK000857,Beach Paradise,Seattle,Executive,2024-09-20,2024-09-30,2024-10-06,1,278.73,False,CUST00074
BK000858,City Center Inn,Chicago,Executive,2024-10-13,2024-10-26,2024-10-28,1,270.92,True,CUST00388
BK000859,Beach Paradise,Chicago,Deluxe,2024-11-23,2024-11-30,2024-12-06,1,789.72,True,CUST00115
BK000860,Grand Hotel,Chicago,Suite,2024-11-01,2024-11-06,2024-11-12,2,998.71,False,CUST00176
BK000861,Ocean View Resort,Los Angeles,Suite,2024-02-26,2024-03-20,2024-03-23,2,147.71,False,CUST00182
BK000862,Mountain Lodge,Los Angeles,Deluxe,2024-07-06,2024-07-10,2024-07-13,4,552.21,True,CUST00303
BK000863,Grand Hotel,Chicago,Standard,2024-10-06,2024-10-25,2024-10-29,4,330.26,True,CUST00251
BK000864,Beach Paradise,New York,Suite,2024-03-22,2024-04-02,2024-04-08,3,195.23,True,CUST00349
BK000865,City Center Inn,New York,Executive,2024-09-29,2024-10-28,2024-11-02,1,599.4,False,CUST00076
BK000866,Ocean View Resort,Seattle,Suite,2024-07-23,2024-08-02,2024-08-06,2,701.41,False,CUST00164
BK000867,Grand Hotel,Chicago,Executive,2024-09-03,2024-09-26,2024-09-27,3,670.81,False,CUST00327
BK000868,City Center Inn,Miami,Deluxe,2024-04-15,2024-04-20,2024-04-22,3,571.16,False,CUST00236
BK000869,Beach Paradise,Los Angeles,Standard,2024-12-14,2025-01-07,2025-01-14,1,639.59,True,CUST00449
BK000870,City Center Inn,Seattle,Suite,2024-11-05,2024-11-20,2024-11-23,1,410.89,False,CUST00042
BK000871,Mountain Lodge,Chicago,Standard,2024-03-22,2024-04-20,2024-04-26,1,902.37,True,CUST00157
BK000872,Ocean View Resort,Chicago,Standard,2024-10-07,2024-10-17,2024-10-21,4,469.1,False,CUST00018
BK000873,Beach Paradise,Seattle,Executive,2024-01-12,2024-02-02,2024-02-06,2,427.68,True,CUST00213
BK000874,Grand Hotel,Chicago,Executive,2024-05-10,2024-05-16,2024-05-19,3,408.81,True,CUST00431
BK000875,Beach Paradise,Seattle,Suite,2024-01-05,2024-01-13,2024-01-14,1,380.58,False,CUST00359
BK000876,Beach Paradise,New York,Executive,2024-11-12,2024-12-08,2024-12-14,4,211.48,False,CUST00214
BK000877,Beach Paradise,Seattle,Deluxe,2024-09-01,2024-09-02,2024-09-07,1,719.46,False,CUST00458
BK000878,Mountain Lodge,Chicago,Suite,2024-01-07,2024-02-06,2024-02-12,3,872.53,False,CUST00342
BK000879,Grand Hotel,New York,Executive,2024-11-10,2024-12-08,2024-12-13,4,640.65,False,CUST00168
BK000880,Grand Hotel,Miami,Executive,2024-01-17,2024-01-21,2024-01-26,3,759.51,True,CUST00310
BK000881,City Center Inn,Seattle,Suite,2024-12-16,2025-01-06,2025-01-08,3,955.52,False,CUST00312
BK000882,Grand Hotel,Seattle,Standard,2024-12-29,2025-01-07,2025-01-10,4,155.23,False,CUST00427
BK000883,City Center Inn,Los Angeles,Suite,2024-01-28,2024-02-21,2024-02-25,3,449.15,True,CUST00039
BK000884,Grand Hotel,Chicago,Executive,2024-01-18,2024-01-20,2024-01-21,4,826.11,True,CUST00483
BK000885,Grand Hotel,Los Angeles,Suite,2024-12-21,2024-12-28,2025-01-01,1,816.06,False,CUST00321
BK000886,City Center Inn,Seattle,Standard,2024-08-29,2024-09-13,2024-09-15,3,974.89,False,CUST00090
BK000887,Beach Paradise,Los Angeles,Executive,2024-05-08,2024-05-25,2024-05-28,3,694.48,True,CUST00468
BK000888,Ocean View Resort,Los Angeles,Suite,2024-04-12,2024-05-10,2024-05-12,4,650.65,False,CUST00247
BK000889,Beach Paradise,New York,Suite,2024-10-06,2024-10-25,2024-10-29,3,132.66,True,CUST00445
BK000890,Ocean View Resort,Seattle,Suite,2024-05-28,2024-06-17,2024-06-22,1,331.71,True,CUST00296
BK000891,Grand Hotel,Chicago,Deluxe,2024-03-29,2024-04-08,2024-04-14,3,645.45,True,CUST00294
BK000892,City Center Inn,Seattle,Suite,2024-11-06,2024-11-24,2024-11-25,1,854.01,False,CUST00397
BK000893,Mountain Lodge,New York,Standard,2024-06-15,2024-07-13,2024-07-15,4,913.73,True,CUST00402
BK000894,Ocean View Resort,Seattle,Suite,2024-03-07,2024-03-20,2024-03-22,3,967.8,False,CUST00293
BK000895,Ocean View Resort,New York,Deluxe,2024-02-25,2024-03-15,2024-03-21,2,184.96,False,CUST00428
BK000896,Beach Paradise,Los Angeles,Deluxe,2024-02-13,2024-02-28,2024-02-29,2,963.05,False,CUST00270
BK000897,Grand Hotel,Seattle,Deluxe,2024-12-29,2025-01-20,2025-01-27,3,878.49,True,CUST00399
BK000898,Ocean View Resort,New York,Deluxe,2024-11-21,2024-11-24,2024-11-28,3,982.7,True,CUST00348
BK000899,Mountain Lodge,Miami,Suite,2024-05-21,2024-05-29,2024-06-02,2,802.48,False,CUST00366
BK000900,Grand Hotel,Los Angeles,Standard,2024-06-29,2024-07-11,2024-07-14,3,417.58,True,CUST00242
BK000901,City Center Inn,Seattle,Suite,2024-09-19,2024-09-21,2024-09-26,1,709.76,False,CUST00150
BK000902,Beach Paradise,Chicago,Executive,2024-04-30,2024-05-06,2024-05-07,3,993.3,True,CUST00185
BK000903,Grand Hotel,New York,Suite,2024-11-06,2024-11-17,2024-11-18,3,156.55,False,CUST00035
BK000904,Beach Paradise,Seattle,Deluxe,2024-12-20,2025-01-02,2025-01-05,4,843.08,True,CUST00372
BK000905,Ocean View Resort,Seattle,Executive,2024-03-24,2024-04-07,2024-04-08,2,271.6,False,CUST00224
BK000906,Grand Hotel,New York,Standard,2024-04-10,2024-04-18,2024-04-19,1,713.79,False,CUST00367
BK000907,City Center Inn,New York,Deluxe,2024-05-28,2024-06-14,2024-06-16,2,700.07,True,CUST00224
BK000908,Grand Hotel,Chicago,Deluxe,2024-10-02,2024-10-28,2024-11-02,2,185.82,True,CUST00441
BK000909,Mountain Lodge,Chicago,Deluxe,2024-07-12,2024-08-07,2024-08-11,2,433.49,True,CUST00434
BK000910,Grand Hotel,New York,Standard,2024-08-22,2024-09-05,2024-09-11,1,126.01,True,CUST00147
BK000911,City Center Inn,New York,Deluxe,2024-04-27,2024-05-09,2024-05-14,3,472.1,True,CUST00191
BK000912,Beach Paradise,Chicago,Suite,2024-11-04,2024-11-18,2024-11-21,2,903.96,False,CUST00471
BK000913,City Center Inn,New York,Executive,2024-04-28,2024-05-01,2024-05-06,3,501.49,True,CUST00411
BK000914,Beach Paradise,New York,Suite,2024-06-01,2024-06-21,2024-06-26,4,906.28,True,CUST00421
BK000915,Mountain Lodge,Seattle,Standard,2024-01-03,2024-01-06,2024-01-11,4,674.12,False,CUST00016
BK000916,Beach Paradise,Los Angeles,Standard,2024-02-20,2024-02-21,2024-02-25,3,288.08,True,CUST00016
BK000917,Grand Hotel,New York,Executive,2024-10-01,2024-10-23,2024-10-30,1,876.07,True,CUST00381
BK000918,Grand Hotel,Los Angeles,Suite,2024-02-09,2024-03-06,2024-03-11,3,484.12,True,CUST00024
BK000919,Beach Paradise,Chicago,Executive,2024-09-02,2024-09-11,2024-09-13,3,286.25,False,CUST00303
BK000920,Ocean View Resort,Seattle,Suite,2024-09-16,2024-10-02,2024-10-05,2,870.44,False,CUST00201
BK000921,Beach Paradise,Los Angeles,Standard,2024-01-21,2024-02-01,2024-02-05,3,140.14,False,CUST00266
BK000922,Ocean View Resort,New York,Deluxe,2024-06-14,2024-06-29,2024-07-03,1,535.54,False,CUST00127
BK000923,City Center Inn,Los Angeles,Suite,2024-03-13,2024-04-09,2024-04-11,2,360.07,False,CUST00215
BK000924,Beach Paradise,Miami,Executive,2024-02-15,2024-03-06,2024-03-08,2,894.18,True,CUST00014
BK000925,Mountain Lodge,Chicago,Executive,2024-07-09,2024-07-26,2024-07-29,3,850.64,False,CUST00323
BK000926,Grand Hotel,Chicago,Standard,2024-11-04,2024-11-22,2024-11-24,1,948.43,False,CUST00113
BK000927,Beach Paradise,New York,Standard,2024-10-25,2024-11-17,2024-11-19,1,860.95,False,CUST00162
BK000928,Grand Hotel,New York,Standard,2024-06-30,2024-07-25,2024-08-01,4,261.33,True,CUST00252
BK000929,Beach Paradise,New York,Standard,2024-11-03,2024-11-23,2024-11-26,2,911.45,True,CUST00493
BK000930,Ocean View Resort,New York,Executive,2024-12-17,2024-12-26,2024-12-28,1,634.97,False,CUST00415
BK000931,City Center Inn,Seattle,Executive,2024-11-06,2024-11-20,2024-11-22,3,276.56,False,CUST00408
BK000932,Grand Hotel,Los Angeles,Standard,2024-02-20,2024-02-23,2024-02-24,3,574.17,False,CUST00298
BK000933,Ocean View Resort,Seattle,Executive,2024-07-13,2024-07-16,2024-07-22,4,146.03,True,CUST00498
BK000934,City Center Inn,Los Angeles,Standard,2024-06-10,2024-06-21,2024-06-26,3,481.27,False,CUST00361
BK000935,Grand Hotel,New York,Deluxe,2024-07-20,2024-07-23,2024-07-28,1,495.71,False,CUST00332
BK000936,Grand Hotel,Chicago,Suite,2024-08-08,2024-08-23,2024-08-27,1,955.88,False,CUST00174
BK000937,City Center Inn,Miami,Deluxe,2024-09-10,2024-10-10,2024-10-13,3,693.04,False,CUST00176
BK000938,Mountain Lodge,New York,Executive,2024-05-19,2024-05-28,2024-05-31,4,564.44,False,CUST00087
BK000939,City Center Inn,Miami,Deluxe,2024-03-14,2024-03-25,2024-03-31,1,251.91,True,CUST00448
BK000940,City Center Inn,Seattle,Standard,2024-02-17,2024-03-15,2024-03-18,4,154.0,True,CUST00114
BK000941,Ocean View Resort,Los Angeles,Suite,2024-04-02,2024-04-11,2024-04-13,3,143.8,True,CUST00378
BK000942,Ocean View Resort,New York,Standard,2024-02-06,2024-02-19,2024-02-20,1,996.15,False,CUST00170
BK000943,Grand Hotel,Miami,Executive,2024-09-24,2024-10-12,2024-10-19,3,944.09,True,CUST00478
BK000944,Ocean View Resort,Seattle,Deluxe,2024-06-16,2024-06-19,2024-06-26,4,567.3,False,CUST00001
BK000945,Beach Paradise,Miami,Suite,2024-04-12,2024-04-24,2024-04-28,2,387.71,False,CUST00365
BK000946,Mountain Lodge,Seattle,Suite,2024-08-27,2024-09-11,2024-09-13,2,873.05,True,CUST00218
BK000947,Mountain Lodge,New York,Suite,2024-12-13,2025-01-05,2025-01-11,4,175.11,True,CUST00092
BK000948,Mountain Lodge,Chicago,Standard,2024-11-12,2024-11-29,2024-12-03,4,957.08,False,CUST00342
BK000949,Grand Hotel,Miami,Deluxe,2024-03-30,2024-04-17,2024-04-18,1,543.4,True,CUST00395
BK000950,Ocean View Resort,Miami,Executive,2024-04-07,2024-05-04,2024-05-09,1,689.19,True,CUST00164
BK000951,Grand Hotel,Seattle,Deluxe,2024-02-14,2024-03-13,2024-03-18,4,223.16,False,CUST00259
BK000952,Beach Paradise,Los Angeles,Standard,2024-12-27,2025-01-15,2025-01-16,1,310.31,True,CUST00016
BK000953,Grand Hotel,Seattle,Suite,2024-02-14,2024-02-25,2024-03-02,2,115.46,False,CUST00120
BK000954,Grand Hotel,Los Angeles,Executive,2024-11-27,2024-12-23,2024-12-28,1,436.09,True,CUST00090
BK000955,Mountain Lodge,Miami,Suite,2024-06-14,2024-07-09,2024-07-13,2,430.78,False,CUST00299
BK000956,Mountain Lodge,Los Angeles,Suite,2024-06-09,2024-06-19,2024-06-20,2,446.64,True,CUST00416
BK000957,Beach Paradise,Los Angeles,Deluxe,2024-02-02,2024-02-08,2024-02-15,1,261.51,True,CUST00213
BK000958,Ocean View Resort,New York,Suite,2024-03-07,2024-03-22,2024-03-28,3,573.75,True,CUST00401
BK000959,City Center Inn,Los Angeles,Standard,2024-05-10,2024-05-18,2024-05-20,4,628.45,False,CUST00462
BK000960,Grand Hotel,New York,Standard,2024-07-14,2024-07-18,2024-07-19,2,769.09,True,CUST00282
BK000961,Grand Hotel,Chicago,Executive,2024-11-17,2024-12-03,2024-12-08,2,546.95,True,CUST00161
BK000962,Beach Paradise,Miami,Executive,2024-03-06,2024-03-19,2024-03-25,4,714.75,False,CUST00310
BK000963,Ocean View Resort,Miami,Standard,2024-10-28,2024-11-18,2024-11-22,4,646.91,True,CUST00227
BK000964,Mountain Lodge,Chicago,Executive,2024-06-13,2024-06-29,2024-07-03,1,223.38,False,CUST00157
BK000965,City Center Inn,Chicago,Executive,2024-09-24,2024-10-17,2024-10-19,4,989.72,True,CUST00390
BK000966,City Center Inn,Seattle,Standard,2024-09-02,2024-09-15,2024-09-19,3,915.17,False,CUST00303
BK000967,Mountain Lodge,Chicago,Executive,2024-12-29,2025-01-12,2025-01-17,1,272.25,False,CUST00355
BK000968,Grand Hotel,Miami,Suite,2024-07-28,2024-08-02,2024-08-05,1,436.34,True,CUST00087
BK000969,Grand Hotel,Seattle,Deluxe,2024-10-08,2024-10-15,2024-10-21,3,631.02,True,CUST00206
BK000970,Mountain Lodge,Chicago,Suite,2024-03-31,2024-04-27,2024-05-04,1,278.28,False,CUST00050
BK000971,Mountain Lodge,New York,Deluxe,2024-04-08,2024-04-11,2024-04-17,1,733.26,True,CUST00050
BK000972,City Center Inn,Los Angeles,Deluxe,2024-02-27,2024-03-26,2024-03-30,4,417.62,True,CUST00060
BK000973,City Center Inn,New York,Standard,2024-04-05,2024-05-03,2024-05-04,3,600.69,False,CUST00177
BK000974,Mountain Lodge,New York,Executive,2024-07-22,2024-08-20,2024-08-25,1,684.69,True,CUST00085
BK000975,Beach Paradise,New York,Executive,2024-08-20,2024-09-15,2024-09-17,4,208.85,True,CUST00051
BK000976,Beach Paradise,New York,Executive,2024-03-30,2024-04-27,2024-05-01,1,629.81,True,CUST00015
BK000977,Ocean View Resort,New York,Deluxe,2024-07-01,2024-07-05,2024-07-07,1,370.21,False,CUST00337
BK000978,Grand Hotel,New York,Suite,2024-09-27,2024-10-17,2024-10-20,4,975.51,True,CUST00093
BK000979,City Center Inn,Miami,Deluxe,2024-07-30,2024-08-23,2024-08-27,1,412.63,False,CUST00364
BK000980,City Center Inn,Seattle,Standard,2024-05-13,2024-05-15,2024-05-19,2,932.38,False,CUST00434
BK000981,Beach Paradise,New York,Standard,2024-06-01,2024-06-24,2024-06-29,1,242.12,True,CUST00212
BK000982,Mountain Lodge,New York,Executive,2024-03-29,2024-04-28,2024-05-02,2,786.56,False,CUST00327
BK000983,Beach Paradise,Miami,Deluxe,2024-03-09,2024-03-21,2024-03-27,1,769.65,True,CUST00215
BK000984,Grand Hotel,Los Angeles,Executive,2024-01-18,2024-02-08,2024-02-12,3,628.13,True,CUST00464
BK000985,Mountain Lodge,Chicago,Executive,2024-01-22,2024-02-06,2024-02-12,1,649.79,True,CUST00486
BK000986,Mountain Lodge,Chicago,Deluxe,2024-02-23,2024-03-14,2024-03-21,4,742.55,False,CUST00224
BK000987,City Center Inn,Seattle,Suite,2024-07-25,2024-08-21,2024-08-22,1,856.57,False,CUST00062
BK000988,Mountain Lodge,New York,Executive,2024-03-02,2024-04-01,2024-04-06,3,441.89,True,CUST00370
BK000989,Grand Hotel,Seattle,Suite,2024-05-20,2024-06-15,2024-06-18,3,369.0,False,CUST00111
BK000990,Mountain Lodge,Miami,Executive,2024-11-29,2024-12-01,2024-12-06,4,362.2,True,CUST00298
BK000991,City Center Inn,New York,Standard,2024-10-17,2024-10-24,2024-10-26,1,703.17,True,CUST00300
BK000992,Mountain Lodge,Los Angeles,Executive,2024-02-17,2024-02-27,2024-02-29,4,599.6,False,CUST00128
BK000993,City Center Inn,Seattle,Suite,2024-05-21,2024-06-20,2024-06-23,4,922.11,True,CUST00279
BK000994,Beach Paradise,Seattle,Executive,2024-07-22,2024-08-10,2024-08-11,2,455.5,True,CUST00191
BK000995,Ocean View Resort,Seattle,Deluxe,2024-10-04,2024-10-15,2024-10-16,1,180.88,True,CUST00297
BK000996,City Center Inn,Miami,Deluxe,2024-01-28,2024-02-24,2024-02-29,2,282.04,False,CUST00126
BK000997,Beach Paradise,New York,Deluxe,2024-06-18,2024-07-06,2024-07-08,3,836.93,True,CUST00234
BK000998,Ocean View Resort,Los Angeles,Standard,2024-02-24,2024-03-01,2024-03-05,2,786.5,False,CUST00277
BK000999,Beach Paradise,Chicago,Deluxe,2024-02-03,2024-02-20,2024-02-22,1,163.15,True,CUST00471
BK001000,City Center Inn,New York,Suite,2024-04-11,2024-05-01,2024-05-08,2,183.9,False,CUST00303
